# Blender 4.5.5 LTS
# www.blender.org
mtllib tshape.mtl
o 铁腚2.002
v -0.075000 0.053000 0.003000
v -0.075000 0.053000 -0.003000
v -0.075000 0.003000 -0.003000
v -0.075000 0.003000 0.003000
v -0.070212 0.003000 0.002692
v -0.070000 0.003000 0.002700
v -0.070000 0.003000 -0.002700
v -0.070212 0.003000 -0.002692
v -0.070422 0.003000 -0.002667
v -0.070422 0.003000 0.002667
v -0.070630 0.003000 0.002625
v -0.070630 0.003000 -0.002625
v -0.070834 0.003000 -0.002568
v -0.070834 0.003000 0.002568
v -0.071033 0.003000 0.002494
v -0.071033 0.003000 -0.002494
v -0.071226 0.003000 -0.002406
v -0.071226 0.003000 0.002406
v -0.071411 0.003000 0.002302
v -0.071411 0.003000 -0.002302
v -0.071587 0.003000 -0.002184
v -0.071587 0.003000 0.002184
v -0.071754 0.003000 0.002053
v -0.071754 0.003000 -0.002053
v -0.071909 0.003000 -0.001909
v -0.071909 0.003000 0.001909
v -0.072053 0.003000 0.001754
v -0.072053 0.003000 -0.001754
v -0.072184 0.003000 -0.001587
v -0.072184 0.003000 0.001587
v -0.072302 0.003000 0.001411
v -0.072302 0.003000 -0.001411
v -0.072406 0.003000 -0.001226
v -0.072406 0.003000 0.001226
v -0.072494 0.003000 -0.001033
v -0.072568 0.003000 -0.000834
v -0.072494 0.003000 0.001033
v -0.072568 0.003000 0.000834
v -0.072625 0.003000 -0.000630
v -0.072667 0.003000 -0.000422
v -0.072625 0.003000 0.000630
v -0.072667 0.003000 0.000422
v -0.072692 0.003000 -0.000212
v -0.072700 0.003000 0.000000
v -0.072692 0.003000 0.000212
v 0.070212 0.003000 -0.002692
v 0.070000 0.003000 -0.002700
v 0.075000 0.003000 -0.003000
v 0.075000 0.003000 0.003000
v 0.070000 0.003000 0.002700
v 0.070212 0.003000 0.002692
v 0.070422 0.003000 0.002667
v 0.070422 0.003000 -0.002667
v 0.070630 0.003000 -0.002625
v 0.070630 0.003000 0.002625
v 0.070834 0.003000 0.002568
v 0.070834 0.003000 -0.002568
v 0.071033 0.003000 -0.002494
v 0.071033 0.003000 0.002494
v 0.071226 0.003000 0.002406
v 0.071226 0.003000 -0.002406
v 0.071411 0.003000 -0.002302
v 0.071411 0.003000 0.002302
v 0.071587 0.003000 0.002184
v 0.071587 0.003000 -0.002184
v 0.071754 0.003000 -0.002053
v 0.071754 0.003000 0.002053
v 0.071909 0.003000 0.001909
v 0.071909 0.003000 -0.001909
v 0.072053 0.003000 -0.001754
v 0.072053 0.003000 0.001754
v 0.072184 0.003000 0.001587
v 0.072184 0.003000 -0.001587
v 0.072302 0.003000 -0.001411
v 0.072302 0.003000 0.001411
v 0.072406 0.003000 0.001226
v 0.072406 0.003000 -0.001226
v 0.072494 0.003000 0.001033
v 0.072568 0.003000 0.000834
v 0.072494 0.003000 -0.001033
v 0.072568 0.003000 -0.000834
v 0.072625 0.003000 0.000630
v 0.072667 0.003000 0.000422
v 0.072625 0.003000 -0.000630
v 0.072667 0.003000 -0.000422
v 0.072692 0.003000 0.000212
v 0.072700 0.003000 0.000000
v 0.072692 0.003000 -0.000212
v 0.069788 0.003000 0.002692
v -0.069788 0.003000 0.002692
v -0.069578 0.003000 0.002667
v 0.069578 0.003000 0.002667
v -0.069370 0.003000 0.002625
v 0.069370 0.003000 0.002625
v -0.069166 0.003000 0.002568
v 0.069166 0.003000 0.002568
v -0.068967 0.003000 0.002494
v 0.068967 0.003000 0.002494
v -0.068774 0.003000 0.002406
v 0.068774 0.003000 0.002406
v -0.068589 0.003000 0.002302
v 0.068589 0.003000 0.002302
v -0.068413 0.003000 0.002184
v 0.068413 0.003000 0.002184
v -0.068246 0.003000 0.002053
v 0.068246 0.003000 0.002053
v -0.068091 0.003000 0.001909
v 0.068091 0.003000 0.001909
v -0.067947 0.003000 0.001754
v 0.067947 0.003000 0.001754
v -0.067816 0.003000 0.001587
v 0.067816 0.003000 0.001587
v -0.067698 0.003000 0.001411
v 0.067698 0.003000 0.001411
v -0.067594 0.003000 0.001226
v 0.067594 0.003000 0.001226
v -0.067506 0.003000 0.001033
v 0.067506 0.003000 0.001033
v -0.067432 0.003000 0.000834
v 0.067432 0.003000 0.000834
v -0.067375 0.003000 0.000630
v 0.067375 0.003000 0.000630
v -0.067333 0.003000 0.000422
v 0.067333 0.003000 0.000422
v -0.067308 0.003000 0.000212
v 0.067308 0.003000 0.000212
v -0.067300 0.003000 0.000000
v 0.067300 0.003000 0.000000
v -0.067308 0.003000 -0.000212
v 0.067308 0.003000 -0.000212
v -0.067333 0.003000 -0.000422
v 0.067333 0.003000 -0.000422
v -0.067375 0.003000 -0.000630
v 0.067375 0.003000 -0.000630
v -0.067432 0.003000 -0.000834
v 0.067432 0.003000 -0.000834
v -0.067506 0.003000 -0.001033
v 0.067506 0.003000 -0.001033
v -0.067594 0.003000 -0.001226
v 0.067594 0.003000 -0.001226
v -0.067698 0.003000 -0.001411
v 0.067698 0.003000 -0.001411
v -0.067816 0.003000 -0.001587
v 0.067816 0.003000 -0.001587
v -0.067947 0.003000 -0.001754
v 0.067947 0.003000 -0.001754
v -0.068091 0.003000 -0.001909
v 0.068091 0.003000 -0.001909
v -0.068246 0.003000 -0.002053
v 0.068246 0.003000 -0.002053
v -0.068413 0.003000 -0.002184
v 0.068413 0.003000 -0.002184
v -0.068589 0.003000 -0.002302
v 0.068589 0.003000 -0.002302
v -0.068774 0.003000 -0.002406
v 0.068774 0.003000 -0.002406
v -0.068967 0.003000 -0.002494
v 0.068967 0.003000 -0.002494
v -0.069166 0.003000 -0.002568
v 0.069166 0.003000 -0.002568
v -0.069370 0.003000 -0.002625
v 0.069370 0.003000 -0.002625
v -0.069578 0.003000 -0.002667
v 0.069578 0.003000 -0.002667
v -0.069788 0.003000 -0.002692
v 0.069788 0.003000 -0.002692
v 0.075000 0.053000 -0.003000
v 0.075000 0.053000 0.003000
v 0.070000 0.025300 -0.003000
v 0.070212 0.025308 -0.003000
v 0.070422 0.025333 -0.003000
v 0.070212 0.030692 -0.003000
v 0.070000 0.030700 -0.003000
v 0.070422 0.030667 -0.003000
v 0.070630 0.025375 -0.003000
v 0.070834 0.025432 -0.003000
v 0.070630 0.030625 -0.003000
v 0.070834 0.030568 -0.003000
v 0.071033 0.025506 -0.003000
v 0.071226 0.025594 -0.003000
v 0.071033 0.030494 -0.003000
v 0.071226 0.030406 -0.003000
v 0.071411 0.025698 -0.003000
v 0.071587 0.025816 -0.003000
v 0.071411 0.030302 -0.003000
v 0.071587 0.030184 -0.003000
v 0.071754 0.025947 -0.003000
v 0.071909 0.026091 -0.003000
v 0.071754 0.030053 -0.003000
v 0.071909 0.029909 -0.003000
v 0.072053 0.026246 -0.003000
v 0.072184 0.026413 -0.003000
v 0.072053 0.029754 -0.003000
v 0.072184 0.029587 -0.003000
v 0.072302 0.026589 -0.003000
v 0.072406 0.026774 -0.003000
v 0.072302 0.029411 -0.003000
v 0.072406 0.029226 -0.003000
v 0.072494 0.026967 -0.003000
v 0.072568 0.027166 -0.003000
v 0.072494 0.029033 -0.003000
v 0.072568 0.028834 -0.003000
v 0.072625 0.027370 -0.003000
v 0.072667 0.027578 -0.003000
v 0.072625 0.028630 -0.003000
v 0.072667 0.028422 -0.003000
v 0.072692 0.027788 -0.003000
v 0.072700 0.028000 -0.003000
v 0.072692 0.028212 -0.003000
v -0.069788 0.030692 -0.003000
v -0.070000 0.030700 -0.003000
v 0.069788 0.030692 -0.003000
v -0.069578 0.030667 -0.003000
v -0.069370 0.030625 -0.003000
v 0.069578 0.030667 -0.003000
v 0.069370 0.030625 -0.003000
v -0.069166 0.030568 -0.003000
v -0.068967 0.030494 -0.003000
v 0.069166 0.030568 -0.003000
v 0.068967 0.030494 -0.003000
v -0.068774 0.030406 -0.003000
v -0.068589 0.030302 -0.003000
v 0.068774 0.030406 -0.003000
v 0.068589 0.030302 -0.003000
v -0.068413 0.030184 -0.003000
v -0.068246 0.030053 -0.003000
v 0.068413 0.030184 -0.003000
v 0.068246 0.030053 -0.003000
v -0.068091 0.029909 -0.003000
v -0.067947 0.029754 -0.003000
v 0.068091 0.029909 -0.003000
v 0.067947 0.029754 -0.003000
v -0.067816 0.029587 -0.003000
v -0.067698 0.029411 -0.003000
v 0.067816 0.029587 -0.003000
v 0.067698 0.029411 -0.003000
v -0.067594 0.029226 -0.003000
v -0.067506 0.029033 -0.003000
v 0.067594 0.029226 -0.003000
v 0.067506 0.029033 -0.003000
v -0.067432 0.028834 -0.003000
v 0.067432 0.028834 -0.003000
v -0.067375 0.028630 -0.003000
v 0.067375 0.028630 -0.003000
v -0.067333 0.028422 -0.003000
v 0.067333 0.028422 -0.003000
v -0.067308 0.028212 -0.003000
v 0.067308 0.028212 -0.003000
v -0.067300 0.028000 -0.003000
v 0.067300 0.028000 -0.003000
v -0.067308 0.027788 -0.003000
v 0.067308 0.027788 -0.003000
v -0.067333 0.027578 -0.003000
v 0.067333 0.027578 -0.003000
v -0.067375 0.027370 -0.003000
v 0.067375 0.027370 -0.003000
v -0.067432 0.027166 -0.003000
v 0.067432 0.027166 -0.003000
v -0.067506 0.026967 -0.003000
v 0.067506 0.026967 -0.003000
v -0.067594 0.026774 -0.003000
v 0.067594 0.026774 -0.003000
v -0.067698 0.026589 -0.003000
v 0.067698 0.026589 -0.003000
v -0.067816 0.026413 -0.003000
v 0.067816 0.026413 -0.003000
v -0.067947 0.026246 -0.003000
v 0.067947 0.026246 -0.003000
v -0.068091 0.026091 -0.003000
v 0.068091 0.026091 -0.003000
v -0.068246 0.025947 -0.003000
v 0.068246 0.025947 -0.003000
v -0.068413 0.025816 -0.003000
v 0.068413 0.025816 -0.003000
v -0.068589 0.025698 -0.003000
v 0.068589 0.025698 -0.003000
v -0.068774 0.025594 -0.003000
v 0.068774 0.025594 -0.003000
v -0.068967 0.025506 -0.003000
v 0.068967 0.025506 -0.003000
v -0.069166 0.025432 -0.003000
v 0.069166 0.025432 -0.003000
v -0.069370 0.025375 -0.003000
v 0.069370 0.025375 -0.003000
v -0.069578 0.025333 -0.003000
v 0.069578 0.025333 -0.003000
v -0.070000 0.025300 -0.003000
v -0.069788 0.025308 -0.003000
v 0.069788 0.025308 -0.003000
v -0.070212 0.025308 -0.003000
v -0.070212 0.030692 -0.003000
v -0.070422 0.030667 -0.003000
v -0.070422 0.025333 -0.003000
v -0.070630 0.025375 -0.003000
v -0.070630 0.030625 -0.003000
v -0.070834 0.030568 -0.003000
v -0.070834 0.025432 -0.003000
v -0.071033 0.025506 -0.003000
v -0.071033 0.030494 -0.003000
v -0.071226 0.030406 -0.003000
v -0.071226 0.025594 -0.003000
v -0.071411 0.025698 -0.003000
v -0.071411 0.030302 -0.003000
v -0.071587 0.030184 -0.003000
v -0.071587 0.025816 -0.003000
v -0.071754 0.025947 -0.003000
v -0.071754 0.030053 -0.003000
v -0.071909 0.029909 -0.003000
v -0.071909 0.026091 -0.003000
v -0.072053 0.026246 -0.003000
v -0.072053 0.029754 -0.003000
v -0.072184 0.029587 -0.003000
v -0.072184 0.026413 -0.003000
v -0.072302 0.026589 -0.003000
v -0.072302 0.029411 -0.003000
v -0.072406 0.029226 -0.003000
v -0.072406 0.026774 -0.003000
v -0.072494 0.026967 -0.003000
v -0.072494 0.029033 -0.003000
v -0.072568 0.028834 -0.003000
v -0.072568 0.027166 -0.003000
v -0.072625 0.027370 -0.003000
v -0.072625 0.028630 -0.003000
v -0.072667 0.028422 -0.003000
v -0.072667 0.027578 -0.003000
v -0.072692 0.027788 -0.003000
v -0.072692 0.028212 -0.003000
v -0.072700 0.028000 -0.003000
v 0.070000 0.025300 -0.000500
v 0.070212 0.025308 -0.000500
v 0.070422 0.025333 -0.000500
v 0.070630 0.025375 -0.000500
v 0.070834 0.025432 -0.000500
v 0.071033 0.025506 -0.000500
v 0.071226 0.025594 -0.000500
v 0.071411 0.025698 -0.000500
v 0.071587 0.025816 -0.000500
v 0.071754 0.025947 -0.000500
v 0.071909 0.026091 -0.000500
v 0.072053 0.026246 -0.000500
v 0.072184 0.026413 -0.000500
v 0.072302 0.026589 -0.000500
v 0.072406 0.026774 -0.000500
v 0.072494 0.026967 -0.000500
v 0.072568 0.027166 -0.000500
v 0.072625 0.027370 -0.000500
v 0.072667 0.027578 -0.000500
v 0.072692 0.027788 -0.000500
v 0.072700 0.028000 -0.000500
v 0.072692 0.028212 -0.000500
v 0.072667 0.028422 -0.000500
v 0.072625 0.028630 -0.000500
v 0.072568 0.028834 -0.000500
v 0.072494 0.029033 -0.000500
v 0.072406 0.029226 -0.000500
v 0.072302 0.029411 -0.000500
v 0.072184 0.029587 -0.000500
v 0.072053 0.029754 -0.000500
v 0.071909 0.029909 -0.000500
v 0.071754 0.030053 -0.000500
v 0.071587 0.030184 -0.000500
v 0.071411 0.030302 -0.000500
v 0.071226 0.030406 -0.000500
v 0.071033 0.030494 -0.000500
v 0.070834 0.030568 -0.000500
v 0.070630 0.030625 -0.000500
v 0.070422 0.030667 -0.000500
v 0.070212 0.030692 -0.000500
v 0.070000 0.030700 -0.000500
v 0.069788 0.030692 -0.000500
v 0.069578 0.030667 -0.000500
v 0.069370 0.030625 -0.000500
v 0.069166 0.030568 -0.000500
v 0.068967 0.030494 -0.000500
v 0.068774 0.030406 -0.000500
v 0.068589 0.030302 -0.000500
v 0.068413 0.030184 -0.000500
v 0.068246 0.030053 -0.000500
v 0.068091 0.029909 -0.000500
v 0.067947 0.029754 -0.000500
v 0.067816 0.029587 -0.000500
v 0.067698 0.029411 -0.000500
v 0.067594 0.029226 -0.000500
v 0.067506 0.029033 -0.000500
v 0.067432 0.028834 -0.000500
v 0.067375 0.028630 -0.000500
v 0.067333 0.028422 -0.000500
v 0.067308 0.028212 -0.000500
v 0.067300 0.028000 -0.000500
v 0.067308 0.027788 -0.000500
v 0.067333 0.027578 -0.000500
v 0.067375 0.027370 -0.000500
v 0.067432 0.027166 -0.000500
v 0.067506 0.026967 -0.000500
v 0.067594 0.026774 -0.000500
v 0.067698 0.026589 -0.000500
v 0.067816 0.026413 -0.000500
v 0.067947 0.026246 -0.000500
v 0.068091 0.026091 -0.000500
v 0.068246 0.025947 -0.000500
v 0.068413 0.025816 -0.000500
v 0.068589 0.025698 -0.000500
v 0.068774 0.025594 -0.000500
v 0.068967 0.025506 -0.000500
v 0.069166 0.025432 -0.000500
v 0.069370 0.025375 -0.000500
v 0.069578 0.025333 -0.000500
v 0.069788 0.025308 -0.000500
v -0.070000 0.025300 -0.000500
v -0.069788 0.025308 -0.000500
v -0.069578 0.025333 -0.000500
v -0.069370 0.025375 -0.000500
v -0.069166 0.025432 -0.000500
v -0.068967 0.025506 -0.000500
v -0.068774 0.025594 -0.000500
v -0.068589 0.025698 -0.000500
v -0.068413 0.025816 -0.000500
v -0.068246 0.025947 -0.000500
v -0.068091 0.026091 -0.000500
v -0.067947 0.026246 -0.000500
v -0.067816 0.026413 -0.000500
v -0.067698 0.026589 -0.000500
v -0.067594 0.026774 -0.000500
v -0.067506 0.026967 -0.000500
v -0.067432 0.027166 -0.000500
v -0.067375 0.027370 -0.000500
v -0.067333 0.027578 -0.000500
v -0.067308 0.027788 -0.000500
v -0.067300 0.028000 -0.000500
v -0.067308 0.028212 -0.000500
v -0.067333 0.028422 -0.000500
v -0.067375 0.028630 -0.000500
v -0.067432 0.028834 -0.000500
v -0.067506 0.029033 -0.000500
v -0.067594 0.029226 -0.000500
v -0.067698 0.029411 -0.000500
v -0.067816 0.029587 -0.000500
v -0.067947 0.029754 -0.000500
v -0.068091 0.029909 -0.000500
v -0.068246 0.030053 -0.000500
v -0.068413 0.030184 -0.000500
v -0.068589 0.030302 -0.000500
v -0.068774 0.030406 -0.000500
v -0.068967 0.030494 -0.000500
v -0.069166 0.030568 -0.000500
v -0.069370 0.030625 -0.000500
v -0.069578 0.030667 -0.000500
v -0.069788 0.030692 -0.000500
v -0.070000 0.030700 -0.000500
v -0.070212 0.030692 -0.000500
v -0.070422 0.030667 -0.000500
v -0.070630 0.030625 -0.000500
v -0.070834 0.030568 -0.000500
v -0.071033 0.030494 -0.000500
v -0.071226 0.030406 -0.000500
v -0.071411 0.030302 -0.000500
v -0.071587 0.030184 -0.000500
v -0.071754 0.030053 -0.000500
v -0.071909 0.029909 -0.000500
v -0.072053 0.029754 -0.000500
v -0.072184 0.029587 -0.000500
v -0.072302 0.029411 -0.000500
v -0.072406 0.029226 -0.000500
v -0.072494 0.029033 -0.000500
v -0.072568 0.028834 -0.000500
v -0.072625 0.028630 -0.000500
v -0.072667 0.028422 -0.000500
v -0.072692 0.028212 -0.000500
v -0.072700 0.028000 -0.000500
v -0.072692 0.027788 -0.000500
v -0.072667 0.027578 -0.000500
v -0.072625 0.027370 -0.000500
v -0.072568 0.027166 -0.000500
v -0.072494 0.026967 -0.000500
v -0.072406 0.026774 -0.000500
v -0.072302 0.026589 -0.000500
v -0.072184 0.026413 -0.000500
v -0.072053 0.026246 -0.000500
v -0.071909 0.026091 -0.000500
v -0.071754 0.025947 -0.000500
v -0.071587 0.025816 -0.000500
v -0.071411 0.025698 -0.000500
v -0.071226 0.025594 -0.000500
v -0.071033 0.025506 -0.000500
v -0.070834 0.025432 -0.000500
v -0.070630 0.025375 -0.000500
v -0.070422 0.025333 -0.000500
v -0.070212 0.025308 -0.000500
v -0.069788 0.005450 -0.002692
v -0.070000 0.005450 -0.002700
v -0.069578 0.005450 -0.002667
v -0.069370 0.005450 -0.002625
v -0.069166 0.005450 -0.002568
v -0.068967 0.005450 -0.002494
v -0.068774 0.005450 -0.002406
v -0.068589 0.005450 -0.002302
v -0.068413 0.005450 -0.002184
v -0.068246 0.005450 -0.002053
v -0.068091 0.005450 -0.001909
v -0.067947 0.005450 -0.001754
v -0.067816 0.005450 -0.001587
v -0.067698 0.005450 -0.001411
v -0.067594 0.005450 -0.001226
v -0.067506 0.005450 -0.001033
v -0.067432 0.005450 -0.000834
v -0.067375 0.005450 -0.000630
v -0.067333 0.005450 -0.000422
v -0.067308 0.005450 -0.000212
v -0.067300 0.005450 0.000000
v -0.067308 0.005450 0.000212
v -0.067333 0.005450 0.000422
v -0.067375 0.005450 0.000630
v -0.067432 0.005450 0.000834
v -0.067506 0.005450 0.001033
v -0.067594 0.005450 0.001226
v -0.067698 0.005450 0.001411
v -0.067816 0.005450 0.001587
v -0.067947 0.005450 0.001754
v -0.068091 0.005450 0.001909
v -0.068246 0.005450 0.002053
v -0.068413 0.005450 0.002184
v -0.068589 0.005450 0.002302
v -0.068774 0.005450 0.002406
v -0.068967 0.005450 0.002494
v -0.069166 0.005450 0.002568
v -0.069370 0.005450 0.002625
v -0.069578 0.005450 0.002667
v -0.069788 0.005450 0.002692
v -0.070000 0.005450 0.002700
v -0.070212 0.005450 0.002692
v -0.070422 0.005450 0.002667
v -0.070630 0.005450 0.002625
v -0.070834 0.005450 0.002568
v -0.071033 0.005450 0.002494
v -0.071226 0.005450 0.002406
v -0.071411 0.005450 0.002302
v -0.071587 0.005450 0.002184
v -0.071754 0.005450 0.002053
v -0.071909 0.005450 0.001909
v -0.072053 0.005450 0.001754
v -0.072184 0.005450 0.001587
v -0.072302 0.005450 0.001411
v -0.072406 0.005450 0.001226
v -0.072494 0.005450 0.001033
v -0.072568 0.005450 0.000834
v -0.072625 0.005450 0.000630
v -0.072667 0.005450 0.000422
v -0.072692 0.005450 0.000212
v -0.072700 0.005450 0.000000
v -0.072692 0.005450 -0.000212
v -0.072667 0.005450 -0.000422
v -0.072625 0.005450 -0.000630
v -0.072568 0.005450 -0.000834
v -0.072494 0.005450 -0.001033
v -0.072406 0.005450 -0.001226
v -0.072302 0.005450 -0.001411
v -0.072184 0.005450 -0.001587
v -0.072053 0.005450 -0.001754
v -0.071909 0.005450 -0.001909
v -0.071754 0.005450 -0.002053
v -0.071587 0.005450 -0.002184
v -0.071411 0.005450 -0.002302
v -0.071226 0.005450 -0.002406
v -0.071033 0.005450 -0.002494
v -0.070834 0.005450 -0.002568
v -0.070630 0.005450 -0.002625
v -0.070422 0.005450 -0.002667
v -0.070212 0.005450 -0.002692
v 0.070212 0.005450 -0.002692
v 0.070000 0.005450 -0.002700
v 0.070422 0.005450 -0.002667
v 0.070630 0.005450 -0.002625
v 0.070834 0.005450 -0.002568
v 0.071033 0.005450 -0.002494
v 0.071226 0.005450 -0.002406
v 0.071411 0.005450 -0.002302
v 0.071587 0.005450 -0.002184
v 0.071754 0.005450 -0.002053
v 0.071909 0.005450 -0.001909
v 0.072053 0.005450 -0.001754
v 0.072184 0.005450 -0.001587
v 0.072302 0.005450 -0.001411
v 0.072406 0.005450 -0.001226
v 0.072494 0.005450 -0.001033
v 0.072568 0.005450 -0.000834
v 0.072625 0.005450 -0.000630
v 0.072667 0.005450 -0.000422
v 0.072692 0.005450 -0.000212
v 0.072700 0.005450 0.000000
v 0.072692 0.005450 0.000212
v 0.072667 0.005450 0.000422
v 0.072625 0.005450 0.000630
v 0.072568 0.005450 0.000834
v 0.072494 0.005450 0.001033
v 0.072406 0.005450 0.001226
v 0.072302 0.005450 0.001411
v 0.072184 0.005450 0.001587
v 0.072053 0.005450 0.001754
v 0.071909 0.005450 0.001909
v 0.071754 0.005450 0.002053
v 0.071587 0.005450 0.002184
v 0.071411 0.005450 0.002302
v 0.071226 0.005450 0.002406
v 0.071033 0.005450 0.002494
v 0.070834 0.005450 0.002568
v 0.070630 0.005450 0.002625
v 0.070422 0.005450 0.002667
v 0.070212 0.005450 0.002692
v 0.070000 0.005450 0.002700
v 0.069788 0.005450 0.002692
v 0.069578 0.005450 0.002667
v 0.069370 0.005450 0.002625
v 0.069166 0.005450 0.002568
v 0.068967 0.005450 0.002494
v 0.068774 0.005450 0.002406
v 0.068589 0.005450 0.002302
v 0.068413 0.005450 0.002184
v 0.068246 0.005450 0.002053
v 0.068091 0.005450 0.001909
v 0.067947 0.005450 0.001754
v 0.067816 0.005450 0.001587
v 0.067698 0.005450 0.001411
v 0.067594 0.005450 0.001226
v 0.067506 0.005450 0.001033
v 0.067432 0.005450 0.000834
v 0.067375 0.005450 0.000630
v 0.067333 0.005450 0.000422
v 0.067308 0.005450 0.000212
v 0.067300 0.005450 0.000000
v 0.067308 0.005450 -0.000212
v 0.067333 0.005450 -0.000422
v 0.067375 0.005450 -0.000630
v 0.067432 0.005450 -0.000834
v 0.067506 0.005450 -0.001033
v 0.067594 0.005450 -0.001226
v 0.067698 0.005450 -0.001411
v 0.067816 0.005450 -0.001587
v 0.067947 0.005450 -0.001754
v 0.068091 0.005450 -0.001909
v 0.068246 0.005450 -0.002053
v 0.068413 0.005450 -0.002184
v 0.068589 0.005450 -0.002302
v 0.068774 0.005450 -0.002406
v 0.068967 0.005450 -0.002494
v 0.069166 0.005450 -0.002568
v 0.069370 0.005450 -0.002625
v 0.069578 0.005450 -0.002667
v 0.069788 0.005450 -0.002692
v -0.075000 -0.003000 0.025000
v -0.075000 0.003000 0.025000
v -0.075000 0.003000 -0.025000
v -0.075000 -0.003000 -0.025000
v -0.070212 -0.002692 -0.025000
v -0.070000 -0.002700 -0.025000
v -0.070000 0.002700 -0.025000
v -0.070212 0.002692 -0.025000
v -0.070422 0.002667 -0.025000
v -0.070422 -0.002667 -0.025000
v -0.070630 -0.002625 -0.025000
v -0.070630 0.002625 -0.025000
v -0.070834 0.002568 -0.025000
v -0.070834 -0.002568 -0.025000
v -0.071033 -0.002494 -0.025000
v -0.071033 0.002494 -0.025000
v -0.071226 0.002406 -0.025000
v -0.071226 -0.002406 -0.025000
v -0.071411 -0.002302 -0.025000
v -0.071411 0.002302 -0.025000
v -0.071587 0.002184 -0.025000
v -0.071587 -0.002184 -0.025000
v -0.071754 -0.002053 -0.025000
v -0.071754 0.002053 -0.025000
v -0.071909 0.001909 -0.025000
v -0.071909 -0.001909 -0.025000
v -0.072053 -0.001754 -0.025000
v -0.072053 0.001754 -0.025000
v -0.072184 0.001587 -0.025000
v -0.072184 -0.001587 -0.025000
v -0.072302 -0.001411 -0.025000
v -0.072302 0.001411 -0.025000
v -0.072406 0.001226 -0.025000
v -0.072406 -0.001226 -0.025000
v -0.072494 0.001033 -0.025000
v -0.072568 0.000834 -0.025000
v -0.072494 -0.001033 -0.025000
v -0.072568 -0.000834 -0.025000
v -0.072625 0.000630 -0.025000
v -0.072667 0.000422 -0.025000
v -0.072625 -0.000630 -0.025000
v -0.072667 -0.000422 -0.025000
v -0.072692 0.000212 -0.025000
v -0.072700 0.000000 -0.025000
v -0.072692 -0.000212 -0.025000
v 0.070212 0.002692 -0.025000
v 0.070000 0.002700 -0.025000
v 0.075000 0.003000 -0.025000
v 0.075000 -0.003000 -0.025000
v 0.070000 -0.002700 -0.025000
v 0.070212 -0.002692 -0.025000
v 0.070422 -0.002667 -0.025000
v 0.070422 0.002667 -0.025000
v 0.070630 0.002625 -0.025000
v 0.070630 -0.002625 -0.025000
v 0.070834 -0.002568 -0.025000
v 0.070834 0.002568 -0.025000
v 0.071033 0.002494 -0.025000
v 0.071033 -0.002494 -0.025000
v 0.071226 -0.002406 -0.025000
v 0.071226 0.002406 -0.025000
v 0.071411 0.002302 -0.025000
v 0.071411 -0.002302 -0.025000
v 0.071587 -0.002184 -0.025000
v 0.071587 0.002184 -0.025000
v 0.071754 0.002053 -0.025000
v 0.071754 -0.002053 -0.025000
v 0.071909 -0.001909 -0.025000
v 0.071909 0.001909 -0.025000
v 0.072053 0.001754 -0.025000
v 0.072053 -0.001754 -0.025000
v 0.072184 -0.001587 -0.025000
v 0.072184 0.001587 -0.025000
v 0.072302 0.001411 -0.025000
v 0.072302 -0.001411 -0.025000
v 0.072406 -0.001226 -0.025000
v 0.072406 0.001226 -0.025000
v 0.072494 -0.001033 -0.025000
v 0.072568 -0.000834 -0.025000
v 0.072494 0.001033 -0.025000
v 0.072568 0.000834 -0.025000
v 0.072625 -0.000630 -0.025000
v 0.072667 -0.000422 -0.025000
v 0.072625 0.000630 -0.025000
v 0.072667 0.000422 -0.025000
v 0.072692 -0.000212 -0.025000
v 0.072700 0.000000 -0.025000
v 0.072692 0.000212 -0.025000
v 0.069788 -0.002692 -0.025000
v -0.069788 -0.002692 -0.025000
v -0.069578 -0.002667 -0.025000
v 0.069578 -0.002667 -0.025000
v -0.069370 -0.002625 -0.025000
v 0.069370 -0.002625 -0.025000
v -0.069166 -0.002568 -0.025000
v 0.069166 -0.002568 -0.025000
v -0.068967 -0.002494 -0.025000
v 0.068967 -0.002494 -0.025000
v -0.068774 -0.002406 -0.025000
v 0.068774 -0.002406 -0.025000
v -0.068589 -0.002302 -0.025000
v 0.068589 -0.002302 -0.025000
v -0.068413 -0.002184 -0.025000
v 0.068413 -0.002184 -0.025000
v -0.068246 -0.002053 -0.025000
v 0.068246 -0.002053 -0.025000
v -0.068091 -0.001909 -0.025000
v 0.068091 -0.001909 -0.025000
v -0.067947 -0.001754 -0.025000
v 0.067947 -0.001754 -0.025000
v -0.067816 -0.001587 -0.025000
v 0.067816 -0.001587 -0.025000
v -0.067698 -0.001411 -0.025000
v 0.067698 -0.001411 -0.025000
v -0.067594 -0.001226 -0.025000
v 0.067594 -0.001226 -0.025000
v -0.067506 -0.001033 -0.025000
v 0.067506 -0.001033 -0.025000
v -0.067432 -0.000834 -0.025000
v 0.067432 -0.000834 -0.025000
v -0.067375 -0.000630 -0.025000
v 0.067375 -0.000630 -0.025000
v -0.067333 -0.000422 -0.025000
v 0.067333 -0.000422 -0.025000
v -0.067308 -0.000212 -0.025000
v 0.067308 -0.000212 -0.025000
v -0.067300 0.000000 -0.025000
v 0.067300 0.000000 -0.025000
v -0.067308 0.000212 -0.025000
v 0.067308 0.000212 -0.025000
v -0.067333 0.000422 -0.025000
v 0.067333 0.000422 -0.025000
v -0.067375 0.000630 -0.025000
v 0.067375 0.000630 -0.025000
v -0.067432 0.000834 -0.025000
v 0.067432 0.000834 -0.025000
v -0.067506 0.001033 -0.025000
v 0.067506 0.001033 -0.025000
v -0.067594 0.001226 -0.025000
v 0.067594 0.001226 -0.025000
v -0.067698 0.001411 -0.025000
v 0.067698 0.001411 -0.025000
v -0.067816 0.001587 -0.025000
v 0.067816 0.001587 -0.025000
v -0.067947 0.001754 -0.025000
v 0.067947 0.001754 -0.025000
v -0.068091 0.001909 -0.025000
v 0.068091 0.001909 -0.025000
v -0.068246 0.002053 -0.025000
v 0.068246 0.002053 -0.025000
v -0.068413 0.002184 -0.025000
v 0.068413 0.002184 -0.025000
v -0.068589 0.002302 -0.025000
v 0.068589 0.002302 -0.025000
v -0.068774 0.002406 -0.025000
v 0.068774 0.002406 -0.025000
v -0.068967 0.002494 -0.025000
v 0.068967 0.002494 -0.025000
v -0.069166 0.002568 -0.025000
v 0.069166 0.002568 -0.025000
v -0.069370 0.002625 -0.025000
v 0.069370 0.002625 -0.025000
v -0.069578 0.002667 -0.025000
v 0.069578 0.002667 -0.025000
v -0.069788 0.002692 -0.025000
v 0.069788 0.002692 -0.025000
v 0.075000 0.003000 0.025000
v 0.075000 -0.003000 0.025000
v 0.070000 0.003000 -0.002700
v 0.070212 0.003000 -0.002692
v 0.070422 0.003000 -0.002667
v 0.070212 0.003000 0.002692
v 0.070000 0.003000 0.002700
v 0.070422 0.003000 0.002667
v 0.070630 0.003000 -0.002625
v 0.070834 0.003000 -0.002568
v 0.070630 0.003000 0.002625
v 0.070834 0.003000 0.002568
v 0.071033 0.003000 -0.002494
v 0.071226 0.003000 -0.002406
v 0.071033 0.003000 0.002494
v 0.071226 0.003000 0.002406
v 0.071411 0.003000 -0.002302
v 0.071587 0.003000 -0.002184
v 0.071411 0.003000 0.002302
v 0.071587 0.003000 0.002184
v 0.071754 0.003000 -0.002053
v 0.071909 0.003000 -0.001909
v 0.071754 0.003000 0.002053
v 0.071909 0.003000 0.001909
v 0.072053 0.003000 -0.001754
v 0.072184 0.003000 -0.001587
v 0.072053 0.003000 0.001754
v 0.072184 0.003000 0.001587
v 0.072302 0.003000 -0.001411
v 0.072406 0.003000 -0.001226
v 0.072302 0.003000 0.001411
v 0.072406 0.003000 0.001226
v 0.072494 0.003000 -0.001033
v 0.072568 0.003000 -0.000834
v 0.072494 0.003000 0.001033
v 0.072568 0.003000 0.000834
v 0.072625 0.003000 -0.000630
v 0.072667 0.003000 -0.000422
v 0.072625 0.003000 0.000630
v 0.072667 0.003000 0.000422
v 0.072692 0.003000 -0.000212
v 0.072700 0.003000 0.000000
v 0.072692 0.003000 0.000212
v -0.069788 0.003000 0.002692
v -0.070000 0.003000 0.002700
v 0.069788 0.003000 0.002692
v -0.069578 0.003000 0.002667
v -0.069370 0.003000 0.002625
v 0.069578 0.003000 0.002667
v 0.069370 0.003000 0.002625
v -0.069166 0.003000 0.002568
v -0.068967 0.003000 0.002494
v 0.069166 0.003000 0.002568
v 0.068967 0.003000 0.002494
v -0.068774 0.003000 0.002406
v -0.068589 0.003000 0.002302
v 0.068774 0.003000 0.002406
v 0.068589 0.003000 0.002302
v -0.068413 0.003000 0.002184
v -0.068246 0.003000 0.002053
v 0.068413 0.003000 0.002184
v 0.068246 0.003000 0.002053
v -0.068091 0.003000 0.001909
v -0.067947 0.003000 0.001754
v 0.068091 0.003000 0.001909
v 0.067947 0.003000 0.001754
v -0.067816 0.003000 0.001587
v -0.067698 0.003000 0.001411
v 0.067816 0.003000 0.001587
v 0.067698 0.003000 0.001411
v -0.067594 0.003000 0.001226
v -0.067506 0.003000 0.001033
v 0.067594 0.003000 0.001226
v 0.067506 0.003000 0.001033
v -0.067432 0.003000 0.000834
v 0.067432 0.003000 0.000834
v -0.067375 0.003000 0.000630
v 0.067375 0.003000 0.000630
v -0.067333 0.003000 0.000422
v 0.067333 0.003000 0.000422
v -0.067308 0.003000 0.000212
v 0.067308 0.003000 0.000212
v -0.067300 0.003000 0.000000
v 0.067300 0.003000 0.000000
v -0.067308 0.003000 -0.000212
v 0.067308 0.003000 -0.000212
v -0.067333 0.003000 -0.000422
v 0.067333 0.003000 -0.000422
v -0.067375 0.003000 -0.000630
v 0.067375 0.003000 -0.000630
v -0.067432 0.003000 -0.000834
v 0.067432 0.003000 -0.000834
v -0.067506 0.003000 -0.001033
v 0.067506 0.003000 -0.001033
v -0.067594 0.003000 -0.001226
v 0.067594 0.003000 -0.001226
v -0.067698 0.003000 -0.001411
v 0.067698 0.003000 -0.001411
v -0.067816 0.003000 -0.001587
v 0.067816 0.003000 -0.001587
v -0.067947 0.003000 -0.001754
v 0.067947 0.003000 -0.001754
v -0.068091 0.003000 -0.001909
v 0.068091 0.003000 -0.001909
v -0.068246 0.003000 -0.002053
v 0.068246 0.003000 -0.002053
v -0.068413 0.003000 -0.002184
v 0.068413 0.003000 -0.002184
v -0.068589 0.003000 -0.002302
v 0.068589 0.003000 -0.002302
v -0.068774 0.003000 -0.002406
v 0.068774 0.003000 -0.002406
v -0.068967 0.003000 -0.002494
v 0.068967 0.003000 -0.002494
v -0.069166 0.003000 -0.002568
v 0.069166 0.003000 -0.002568
v -0.069370 0.003000 -0.002625
v 0.069370 0.003000 -0.002625
v -0.069578 0.003000 -0.002667
v 0.069578 0.003000 -0.002667
v -0.070000 0.003000 -0.002700
v -0.069788 0.003000 -0.002692
v 0.069788 0.003000 -0.002692
v -0.070212 0.003000 -0.002692
v -0.070212 0.003000 0.002692
v -0.070422 0.003000 0.002667
v -0.070422 0.003000 -0.002667
v -0.070630 0.003000 -0.002625
v -0.070630 0.003000 0.002625
v -0.070834 0.003000 0.002568
v -0.070834 0.003000 -0.002568
v -0.071033 0.003000 -0.002494
v -0.071033 0.003000 0.002494
v -0.071226 0.003000 0.002406
v -0.071226 0.003000 -0.002406
v -0.071411 0.003000 -0.002302
v -0.071411 0.003000 0.002302
v -0.071587 0.003000 0.002184
v -0.071587 0.003000 -0.002184
v -0.071754 0.003000 -0.002053
v -0.071754 0.003000 0.002053
v -0.071909 0.003000 0.001909
v -0.071909 0.003000 -0.001909
v -0.072053 0.003000 -0.001754
v -0.072053 0.003000 0.001754
v -0.072184 0.003000 0.001587
v -0.072184 0.003000 -0.001587
v -0.072302 0.003000 -0.001411
v -0.072302 0.003000 0.001411
v -0.072406 0.003000 0.001226
v -0.072406 0.003000 -0.001226
v -0.072494 0.003000 -0.001033
v -0.072494 0.003000 0.001033
v -0.072568 0.003000 0.000834
v -0.072568 0.003000 -0.000834
v -0.072625 0.003000 -0.000630
v -0.072625 0.003000 0.000630
v -0.072667 0.003000 0.000422
v -0.072667 0.003000 -0.000422
v -0.072692 0.003000 -0.000212
v -0.072692 0.003000 0.000212
v -0.072700 0.003000 0.000000
v 0.070000 0.000500 -0.002700
v 0.070212 0.000500 -0.002692
v 0.070422 0.000500 -0.002667
v 0.070630 0.000500 -0.002625
v 0.070834 0.000500 -0.002568
v 0.071033 0.000500 -0.002494
v 0.071226 0.000500 -0.002406
v 0.071411 0.000500 -0.002302
v 0.071587 0.000500 -0.002184
v 0.071754 0.000500 -0.002053
v 0.071909 0.000500 -0.001909
v 0.072053 0.000500 -0.001754
v 0.072184 0.000500 -0.001587
v 0.072302 0.000500 -0.001411
v 0.072406 0.000500 -0.001226
v 0.072494 0.000500 -0.001033
v 0.072568 0.000500 -0.000834
v 0.072625 0.000500 -0.000630
v 0.072667 0.000500 -0.000422
v 0.072692 0.000500 -0.000212
v 0.072700 0.000500 0.000000
v 0.072692 0.000500 0.000212
v 0.072667 0.000500 0.000422
v 0.072625 0.000500 0.000630
v 0.072568 0.000500 0.000834
v 0.072494 0.000500 0.001033
v 0.072406 0.000500 0.001226
v 0.072302 0.000500 0.001411
v 0.072184 0.000500 0.001587
v 0.072053 0.000500 0.001754
v 0.071909 0.000500 0.001909
v 0.071754 0.000500 0.002053
v 0.071587 0.000500 0.002184
v 0.071411 0.000500 0.002302
v 0.071226 0.000500 0.002406
v 0.071033 0.000500 0.002494
v 0.070834 0.000500 0.002568
v 0.070630 0.000500 0.002625
v 0.070422 0.000500 0.002667
v 0.070212 0.000500 0.002692
v 0.070000 0.000500 0.002700
v 0.069788 0.000500 0.002692
v 0.069578 0.000500 0.002667
v 0.069370 0.000500 0.002625
v 0.069166 0.000500 0.002568
v 0.068967 0.000500 0.002494
v 0.068774 0.000500 0.002406
v 0.068589 0.000500 0.002302
v 0.068413 0.000500 0.002184
v 0.068246 0.000500 0.002053
v 0.068091 0.000500 0.001909
v 0.067947 0.000500 0.001754
v 0.067816 0.000500 0.001587
v 0.067698 0.000500 0.001411
v 0.067594 0.000500 0.001226
v 0.067506 0.000500 0.001033
v 0.067432 0.000500 0.000834
v 0.067375 0.000500 0.000630
v 0.067333 0.000500 0.000422
v 0.067308 0.000500 0.000212
v 0.067300 0.000500 0.000000
v 0.067308 0.000500 -0.000212
v 0.067333 0.000500 -0.000422
v 0.067375 0.000500 -0.000630
v 0.067432 0.000500 -0.000834
v 0.067506 0.000500 -0.001033
v 0.067594 0.000500 -0.001226
v 0.067698 0.000500 -0.001411
v 0.067816 0.000500 -0.001587
v 0.067947 0.000500 -0.001754
v 0.068091 0.000500 -0.001909
v 0.068246 0.000500 -0.002053
v 0.068413 0.000500 -0.002184
v 0.068589 0.000500 -0.002302
v 0.068774 0.000500 -0.002406
v 0.068967 0.000500 -0.002494
v 0.069166 0.000500 -0.002568
v 0.069370 0.000500 -0.002625
v 0.069578 0.000500 -0.002667
v 0.069788 0.000500 -0.002692
v -0.070000 0.000500 -0.002700
v -0.069788 0.000500 -0.002692
v -0.069578 0.000500 -0.002667
v -0.069370 0.000500 -0.002625
v -0.069166 0.000500 -0.002568
v -0.068967 0.000500 -0.002494
v -0.068774 0.000500 -0.002406
v -0.068589 0.000500 -0.002302
v -0.068413 0.000500 -0.002184
v -0.068246 0.000500 -0.002053
v -0.068091 0.000500 -0.001909
v -0.067947 0.000500 -0.001754
v -0.067816 0.000500 -0.001587
v -0.067698 0.000500 -0.001411
v -0.067594 0.000500 -0.001226
v -0.067506 0.000500 -0.001033
v -0.067432 0.000500 -0.000834
v -0.067375 0.000500 -0.000630
v -0.067333 0.000500 -0.000422
v -0.067308 0.000500 -0.000212
v -0.067300 0.000500 0.000000
v -0.067308 0.000500 0.000212
v -0.067333 0.000500 0.000422
v -0.067375 0.000500 0.000630
v -0.067432 0.000500 0.000834
v -0.067506 0.000500 0.001033
v -0.067594 0.000500 0.001226
v -0.067698 0.000500 0.001411
v -0.067816 0.000500 0.001587
v -0.067947 0.000500 0.001754
v -0.068091 0.000500 0.001909
v -0.068246 0.000500 0.002053
v -0.068413 0.000500 0.002184
v -0.068589 0.000500 0.002302
v -0.068774 0.000500 0.002406
v -0.068967 0.000500 0.002494
v -0.069166 0.000500 0.002568
v -0.069370 0.000500 0.002625
v -0.069578 0.000500 0.002667
v -0.069788 0.000500 0.002692
v -0.070000 0.000500 0.002700
v -0.070212 0.000500 0.002692
v -0.070422 0.000500 0.002667
v -0.070630 0.000500 0.002625
v -0.070834 0.000500 0.002568
v -0.071033 0.000500 0.002494
v -0.071226 0.000500 0.002406
v -0.071411 0.000500 0.002302
v -0.071587 0.000500 0.002184
v -0.071754 0.000500 0.002053
v -0.071909 0.000500 0.001909
v -0.072053 0.000500 0.001754
v -0.072184 0.000500 0.001587
v -0.072302 0.000500 0.001411
v -0.072406 0.000500 0.001226
v -0.072494 0.000500 0.001033
v -0.072568 0.000500 0.000834
v -0.072625 0.000500 0.000630
v -0.072667 0.000500 0.000422
v -0.072692 0.000500 0.000212
v -0.072700 0.000500 0.000000
v -0.072692 0.000500 -0.000212
v -0.072667 0.000500 -0.000422
v -0.072625 0.000500 -0.000630
v -0.072568 0.000500 -0.000834
v -0.072494 0.000500 -0.001033
v -0.072406 0.000500 -0.001226
v -0.072302 0.000500 -0.001411
v -0.072184 0.000500 -0.001587
v -0.072053 0.000500 -0.001754
v -0.071909 0.000500 -0.001909
v -0.071754 0.000500 -0.002053
v -0.071587 0.000500 -0.002184
v -0.071411 0.000500 -0.002302
v -0.071226 0.000500 -0.002406
v -0.071033 0.000500 -0.002494
v -0.070834 0.000500 -0.002568
v -0.070630 0.000500 -0.002625
v -0.070422 0.000500 -0.002667
v -0.070212 0.000500 -0.002692
v -0.069788 0.002692 -0.022550
v -0.070000 0.002700 -0.022550
v -0.069578 0.002667 -0.022550
v -0.069370 0.002625 -0.022550
v -0.069166 0.002568 -0.022550
v -0.068967 0.002494 -0.022550
v -0.068774 0.002406 -0.022550
v -0.068589 0.002302 -0.022550
v -0.068413 0.002184 -0.022550
v -0.068246 0.002053 -0.022550
v -0.068091 0.001909 -0.022550
v -0.067947 0.001754 -0.022550
v -0.067816 0.001587 -0.022550
v -0.067698 0.001411 -0.022550
v -0.067594 0.001226 -0.022550
v -0.067506 0.001033 -0.022550
v -0.067432 0.000834 -0.022550
v -0.067375 0.000630 -0.022550
v -0.067333 0.000422 -0.022550
v -0.067308 0.000212 -0.022550
v -0.067300 0.000000 -0.022550
v -0.067308 -0.000212 -0.022550
v -0.067333 -0.000422 -0.022550
v -0.067375 -0.000630 -0.022550
v -0.067432 -0.000834 -0.022550
v -0.067506 -0.001033 -0.022550
v -0.067594 -0.001226 -0.022550
v -0.067698 -0.001411 -0.022550
v -0.067816 -0.001587 -0.022550
v -0.067947 -0.001754 -0.022550
v -0.068091 -0.001909 -0.022550
v -0.068246 -0.002053 -0.022550
v -0.068413 -0.002184 -0.022550
v -0.068589 -0.002302 -0.022550
v -0.068774 -0.002406 -0.022550
v -0.068967 -0.002494 -0.022550
v -0.069166 -0.002568 -0.022550
v -0.069370 -0.002625 -0.022550
v -0.069578 -0.002667 -0.022550
v -0.069788 -0.002692 -0.022550
v -0.070000 -0.002700 -0.022550
v -0.070212 -0.002692 -0.022550
v -0.070422 -0.002667 -0.022550
v -0.070630 -0.002625 -0.022550
v -0.070834 -0.002568 -0.022550
v -0.071033 -0.002494 -0.022550
v -0.071226 -0.002406 -0.022550
v -0.071411 -0.002302 -0.022550
v -0.071587 -0.002184 -0.022550
v -0.071754 -0.002053 -0.022550
v -0.071909 -0.001909 -0.022550
v -0.072053 -0.001754 -0.022550
v -0.072184 -0.001587 -0.022550
v -0.072302 -0.001411 -0.022550
v -0.072406 -0.001226 -0.022550
v -0.072494 -0.001033 -0.022550
v -0.072568 -0.000834 -0.022550
v -0.072625 -0.000630 -0.022550
v -0.072667 -0.000422 -0.022550
v -0.072692 -0.000212 -0.022550
v -0.072700 0.000000 -0.022550
v -0.072692 0.000212 -0.022550
v -0.072667 0.000422 -0.022550
v -0.072625 0.000630 -0.022550
v -0.072568 0.000834 -0.022550
v -0.072494 0.001033 -0.022550
v -0.072406 0.001226 -0.022550
v -0.072302 0.001411 -0.022550
v -0.072184 0.001587 -0.022550
v -0.072053 0.001754 -0.022550
v -0.071909 0.001909 -0.022550
v -0.071754 0.002053 -0.022550
v -0.071587 0.002184 -0.022550
v -0.071411 0.002302 -0.022550
v -0.071226 0.002406 -0.022550
v -0.071033 0.002494 -0.022550
v -0.070834 0.002568 -0.022550
v -0.070630 0.002625 -0.022550
v -0.070422 0.002667 -0.022550
v -0.070212 0.002692 -0.022550
v 0.070212 0.002692 -0.022550
v 0.070000 0.002700 -0.022550
v 0.070422 0.002667 -0.022550
v 0.070630 0.002625 -0.022550
v 0.070834 0.002568 -0.022550
v 0.071033 0.002494 -0.022550
v 0.071226 0.002406 -0.022550
v 0.071411 0.002302 -0.022550
v 0.071587 0.002184 -0.022550
v 0.071754 0.002053 -0.022550
v 0.071909 0.001909 -0.022550
v 0.072053 0.001754 -0.022550
v 0.072184 0.001587 -0.022550
v 0.072302 0.001411 -0.022550
v 0.072406 0.001226 -0.022550
v 0.072494 0.001033 -0.022550
v 0.072568 0.000834 -0.022550
v 0.072625 0.000630 -0.022550
v 0.072667 0.000422 -0.022550
v 0.072692 0.000212 -0.022550
v 0.072700 0.000000 -0.022550
v 0.072692 -0.000212 -0.022550
v 0.072667 -0.000422 -0.022550
v 0.072625 -0.000630 -0.022550
v 0.072568 -0.000834 -0.022550
v 0.072494 -0.001033 -0.022550
v 0.072406 -0.001226 -0.022550
v 0.072302 -0.001411 -0.022550
v 0.072184 -0.001587 -0.022550
v 0.072053 -0.001754 -0.022550
v 0.071909 -0.001909 -0.022550
v 0.071754 -0.002053 -0.022550
v 0.071587 -0.002184 -0.022550
v 0.071411 -0.002302 -0.022550
v 0.071226 -0.002406 -0.022550
v 0.071033 -0.002494 -0.022550
v 0.070834 -0.002568 -0.022550
v 0.070630 -0.002625 -0.022550
v 0.070422 -0.002667 -0.022550
v 0.070212 -0.002692 -0.022550
v 0.070000 -0.002700 -0.022550
v 0.069788 -0.002692 -0.022550
v 0.069578 -0.002667 -0.022550
v 0.069370 -0.002625 -0.022550
v 0.069166 -0.002568 -0.022550
v 0.068967 -0.002494 -0.022550
v 0.068774 -0.002406 -0.022550
v 0.068589 -0.002302 -0.022550
v 0.068413 -0.002184 -0.022550
v 0.068246 -0.002053 -0.022550
v 0.068091 -0.001909 -0.022550
v 0.067947 -0.001754 -0.022550
v 0.067816 -0.001587 -0.022550
v 0.067698 -0.001411 -0.022550
v 0.067594 -0.001226 -0.022550
v 0.067506 -0.001033 -0.022550
v 0.067432 -0.000834 -0.022550
v 0.067375 -0.000630 -0.022550
v 0.067333 -0.000422 -0.022550
v 0.067308 -0.000212 -0.022550
v 0.067300 0.000000 -0.022550
v 0.067308 0.000212 -0.022550
v 0.067333 0.000422 -0.022550
v 0.067375 0.000630 -0.022550
v 0.067432 0.000834 -0.022550
v 0.067506 0.001033 -0.022550
v 0.067594 0.001226 -0.022550
v 0.067698 0.001411 -0.022550
v 0.067816 0.001587 -0.022550
v 0.067947 0.001754 -0.022550
v 0.068091 0.001909 -0.022550
v 0.068246 0.002053 -0.022550
v 0.068413 0.002184 -0.022550
v 0.068589 0.002302 -0.022550
v 0.068774 0.002406 -0.022550
v 0.068967 0.002494 -0.022550
v 0.069166 0.002568 -0.022550
v 0.069370 0.002625 -0.022550
v 0.069578 0.002667 -0.022550
v 0.069788 0.002692 -0.022550
vn -1.0000 -0.0000 -0.0000
vn -0.0000 -1.0000 -0.0000
vn -0.0003 -1.0000 -0.0000
vn 0.0003 -1.0000 -0.0000
vn 1.0000 -0.0000 -0.0000
vn -0.0000 1.0000 -0.0000
vn -0.0000 -0.0000 1.0000
vn -0.0000 -0.0000 -1.0000
vn -0.0393 0.9992 -0.0000
vn -0.1175 0.9931 -0.0000
vn -0.1176 0.9931 -0.0000
vn -0.1951 0.9808 -0.0000
vn -0.2714 0.9625 -0.0000
vn -0.3461 0.9382 -0.0000
vn -0.3462 0.9382 -0.0000
vn -0.4186 0.9082 -0.0000
vn -0.4187 0.9081 -0.0000
vn -0.4886 0.8725 -0.0000
vn -0.5556 0.8314 -0.0000
vn -0.6191 0.7853 -0.0000
vn -0.6788 0.7343 -0.0000
vn -0.7343 0.6788 -0.0000
vn -0.7853 0.6191 -0.0000
vn -0.8314 0.5556 -0.0000
vn -0.8725 0.4886 -0.0000
vn -0.8724 0.4888 -0.0000
vn -0.9081 0.4187 -0.0000
vn -0.9082 0.4186 -0.0000
vn -0.9382 0.3462 -0.0000
vn -0.9382 0.3461 -0.0000
vn -0.9625 0.2714 -0.0000
vn -0.9808 0.1951 -0.0000
vn -0.9808 0.1950 -0.0000
vn -0.9808 0.1952 -0.0000
vn -0.9931 0.1176 -0.0000
vn -0.9930 0.1177 -0.0000
vn -0.9992 0.0393 -0.0000
vn -0.9992 0.0392 -0.0000
vn -0.9992 -0.0393 -0.0000
vn -0.9992 -0.0392 -0.0000
vn -0.9931 -0.1176 -0.0000
vn -0.9930 -0.1177 -0.0000
vn -0.9808 -0.1951 -0.0000
vn -0.9808 -0.1952 -0.0000
vn -0.9808 -0.1950 -0.0000
vn -0.9625 -0.2714 -0.0000
vn -0.9382 -0.3461 -0.0000
vn -0.9382 -0.3462 -0.0000
vn -0.9081 -0.4187 -0.0000
vn -0.9082 -0.4186 -0.0000
vn -0.8725 -0.4886 -0.0000
vn -0.8724 -0.4887 -0.0000
vn -0.8725 -0.4887 -0.0000
vn -0.8314 -0.5556 -0.0000
vn -0.8315 -0.5556 -0.0000
vn -0.7853 -0.6191 -0.0000
vn -0.7343 -0.6788 -0.0000
vn -0.6788 -0.7343 -0.0000
vn -0.6191 -0.7853 -0.0000
vn -0.5556 -0.8314 -0.0000
vn -0.4886 -0.8725 -0.0000
vn -0.4186 -0.9082 -0.0000
vn -0.4187 -0.9081 -0.0000
vn -0.3461 -0.9382 -0.0000
vn -0.3462 -0.9382 -0.0000
vn -0.2714 -0.9625 -0.0000
vn -0.1951 -0.9808 -0.0000
vn -0.1175 -0.9931 -0.0000
vn -0.1176 -0.9931 -0.0000
vn -0.0393 -0.9992 -0.0000
vn 0.0393 -0.9992 -0.0000
vn 0.0392 -0.9992 -0.0000
vn 0.1175 -0.9931 -0.0000
vn 0.1176 -0.9931 -0.0000
vn 0.1951 -0.9808 -0.0000
vn 0.2714 -0.9625 -0.0000
vn 0.3461 -0.9382 -0.0000
vn 0.3462 -0.9382 -0.0000
vn 0.4187 -0.9081 -0.0000
vn 0.4886 -0.8725 -0.0000
vn 0.5556 -0.8314 -0.0000
vn 0.6191 -0.7853 -0.0000
vn 0.6788 -0.7344 -0.0000
vn 0.6787 -0.7344 -0.0000
vn 0.6788 -0.7343 -0.0000
vn 0.7343 -0.6788 -0.0000
vn 0.7853 -0.6191 -0.0000
vn 0.8314 -0.5556 -0.0000
vn 0.8315 -0.5556 -0.0000
vn 0.8725 -0.4886 -0.0000
vn 0.8725 -0.4887 -0.0000
vn 0.8724 -0.4887 -0.0000
vn 0.9081 -0.4187 -0.0000
vn 0.9082 -0.4186 -0.0000
vn 0.9382 -0.3461 -0.0000
vn 0.9382 -0.3462 -0.0000
vn 0.9625 -0.2714 -0.0000
vn 0.9808 -0.1952 -0.0000
vn 0.9808 -0.1950 -0.0000
vn 0.9931 -0.1176 -0.0000
vn 0.9930 -0.1177 -0.0000
vn 0.9992 -0.0393 -0.0000
vn 0.9992 -0.0392 -0.0000
vn 0.9992 0.0393 -0.0000
vn 0.9992 0.0392 -0.0000
vn 0.9931 0.1176 -0.0000
vn 0.9930 0.1177 -0.0000
vn 0.9808 0.1952 -0.0000
vn 0.9808 0.1950 -0.0000
vn 0.9625 0.2714 -0.0000
vn 0.9382 0.3462 -0.0000
vn 0.9382 0.3461 -0.0000
vn 0.9081 0.4187 -0.0000
vn 0.9082 0.4186 -0.0000
vn 0.8725 0.4886 -0.0000
vn 0.8724 0.4888 -0.0000
vn 0.8314 0.5556 -0.0000
vn 0.8315 0.5556 -0.0000
vn 0.7853 0.6191 -0.0000
vn 0.7343 0.6788 -0.0000
vn 0.6788 0.7344 -0.0000
vn 0.6788 0.7343 -0.0000
vn 0.6191 0.7853 -0.0000
vn 0.5556 0.8314 -0.0000
vn 0.4886 0.8725 -0.0000
vn 0.4187 0.9081 -0.0000
vn 0.3461 0.9382 -0.0000
vn 0.3462 0.9382 -0.0000
vn 0.2714 0.9625 -0.0000
vn 0.1951 0.9808 -0.0000
vn 0.1175 0.9931 -0.0000
vn 0.1176 0.9931 -0.0000
vn 0.0393 0.9992 -0.0000
vn -0.6788 0.7344 -0.0000
vn -0.8315 0.5556 -0.0000
vn -0.6788 -0.7344 -0.0000
vn -0.6787 -0.7344 -0.0000
vn 0.4186 -0.9082 -0.0000
vn 0.9808 -0.1951 -0.0000
vn 0.9808 0.1951 -0.0000
vn 0.4186 0.9082 -0.0000
vn -0.0394 -0.0000 0.9992
vn -0.0393 -0.0000 0.9992
vn -0.1176 -0.0000 0.9931
vn -0.1175 -0.0000 0.9931
vn -0.1951 -0.0000 0.9808
vn -0.1952 -0.0000 0.9808
vn -0.2714 -0.0000 0.9625
vn -0.3461 -0.0000 0.9382
vn -0.4187 -0.0000 0.9081
vn -0.4886 -0.0000 0.8725
vn -0.5556 -0.0000 0.8314
vn -0.5556 -0.0000 0.8315
vn -0.6191 -0.0000 0.7853
vn -0.6788 -0.0000 0.7343
vn -0.7343 -0.0000 0.6788
vn -0.7853 -0.0000 0.6191
vn -0.8314 -0.0000 0.5556
vn -0.8315 -0.0000 0.5556
vn -0.8725 -0.0000 0.4886
vn -0.9081 -0.0000 0.4187
vn -0.9382 -0.0000 0.3461
vn -0.9625 -0.0000 0.2714
vn -0.9808 -0.0000 0.1951
vn -0.9931 -0.0000 0.1177
vn -0.9931 -0.0000 0.1176
vn -0.9930 -0.0000 0.1179
vn -0.9992 -0.0000 0.0394
vn -0.9992 -0.0000 0.0393
vn -0.9992 -0.0000 -0.0393
vn -0.9992 -0.0000 -0.0394
vn -0.9930 -0.0000 -0.1179
vn -0.9931 -0.0000 -0.1177
vn -0.9931 -0.0000 -0.1176
vn -0.9808 -0.0000 -0.1951
vn -0.9625 -0.0000 -0.2714
vn -0.9382 -0.0000 -0.3461
vn -0.9081 -0.0000 -0.4187
vn -0.8725 -0.0000 -0.4886
vn -0.8725 -0.0000 -0.4885
vn -0.8315 -0.0000 -0.5556
vn -0.8314 -0.0000 -0.5556
vn -0.7853 -0.0000 -0.6191
vn -0.7343 -0.0000 -0.6788
vn -0.6788 -0.0000 -0.7343
vn -0.6191 -0.0000 -0.7853
vn -0.5556 -0.0000 -0.8314
vn -0.5556 -0.0000 -0.8315
vn -0.4886 -0.0000 -0.8725
vn -0.4187 -0.0000 -0.9081
vn -0.3461 -0.0000 -0.9382
vn -0.2714 -0.0000 -0.9625
vn -0.1951 -0.0000 -0.9808
vn -0.1952 -0.0000 -0.9808
vn -0.1176 -0.0000 -0.9931
vn -0.1175 -0.0000 -0.9931
vn -0.0393 -0.0000 -0.9992
vn -0.0394 -0.0000 -0.9992
vn 0.0393 -0.0000 -0.9992
vn 0.1176 -0.0000 -0.9931
vn 0.1175 -0.0000 -0.9931
vn 0.1951 -0.0000 -0.9808
vn 0.1952 -0.0000 -0.9808
vn 0.2714 -0.0000 -0.9625
vn 0.3461 -0.0000 -0.9382
vn 0.3462 -0.0000 -0.9382
vn 0.4187 -0.0000 -0.9081
vn 0.4886 -0.0000 -0.8725
vn 0.5556 -0.0000 -0.8315
vn 0.5556 -0.0000 -0.8314
vn 0.6191 -0.0000 -0.7853
vn 0.6788 -0.0000 -0.7343
vn 0.7343 -0.0000 -0.6788
vn 0.7853 -0.0000 -0.6191
vn 0.8314 -0.0000 -0.5556
vn 0.8725 -0.0000 -0.4886
vn 0.9081 -0.0000 -0.4187
vn 0.9382 -0.0000 -0.3461
vn 0.9625 -0.0000 -0.2713
vn 0.9625 -0.0000 -0.2714
vn 0.9808 -0.0000 -0.1951
vn 0.9930 -0.0000 -0.1177
vn 0.9930 -0.0000 -0.1179
vn 0.9992 -0.0000 -0.0393
vn 0.9992 -0.0000 -0.0394
vn 0.9992 -0.0000 0.0394
vn 0.9992 -0.0000 0.0393
vn 0.9930 -0.0000 0.1177
vn 0.9930 -0.0000 0.1179
vn 0.9808 -0.0000 0.1951
vn 0.9625 -0.0000 0.2713
vn 0.9625 -0.0000 0.2714
vn 0.9382 -0.0000 0.3461
vn 0.9081 -0.0000 0.4187
vn 0.8725 -0.0000 0.4886
vn 0.8314 -0.0000 0.5556
vn 0.7853 -0.0000 0.6191
vn 0.7343 -0.0000 0.6788
vn 0.6788 -0.0000 0.7343
vn 0.6191 -0.0000 0.7853
vn 0.5556 -0.0000 0.8315
vn 0.5556 -0.0000 0.8314
vn 0.4886 -0.0000 0.8725
vn 0.4187 -0.0000 0.9081
vn 0.3461 -0.0000 0.9382
vn 0.3462 -0.0000 0.9382
vn 0.2714 -0.0000 0.9625
vn 0.1951 -0.0000 0.9808
vn 0.1952 -0.0000 0.9808
vn -0.0001 -1.0000 -0.0000
vn 0.0001 -1.0000 -0.0000
vn -0.0000 -1.0000 -0.0001
vn -0.0002 -1.0000 -0.0002
vn -0.0000 -1.0000 0.0001
vn 0.1176 -0.0000 0.9931
vn 0.1175 -0.0000 0.9931
vn 0.0393 -0.0000 0.9992
vn -0.3462 -0.0000 0.9382
vn -0.9625 -0.0000 0.2713
vn -0.9930 -0.0000 0.1177
vn -0.9930 -0.0000 -0.1177
vn -0.9625 -0.0000 -0.2713
vn -0.3462 -0.0000 -0.9382
vn 0.0394 -0.0000 -0.9992
vn 0.8315 -0.0000 -0.5556
vn 0.9931 -0.0000 -0.1177
vn 0.9931 -0.0000 -0.1176
vn 0.9931 -0.0000 0.1177
vn 0.9931 -0.0000 0.1176
vn 0.8725 -0.0000 0.4885
vn 0.8315 -0.0000 0.5556
vn -0.0002 -1.0000 -0.0000
vn 0.0002 -1.0000 -0.0000
vn 0.0394 -0.0000 0.9992
vn -0.0000 -0.0012 -1.0000
vn -0.0000 0.0001 -1.0000
vn -0.0000 -0.0001 -1.0000
vn -0.0000 -0.0009 -1.0000
vn -0.0000 0.0012 -1.0000
vn -0.0000 0.0007 -1.0000
vn 0.0001 1.0000 -0.0000
vn -0.0001 1.0000 -0.0000
vn -0.0002 1.0000 -0.0000
vn -0.2713 -0.0000 0.9625
vn -0.4186 -0.0000 0.9082
vn -0.7343 -0.0000 0.6789
vn -0.8725 -0.0000 0.4887
vn -0.8724 -0.0000 0.4887
vn -0.9082 -0.0000 0.4186
vn -0.9082 -0.0000 0.4185
vn -0.9808 -0.0000 0.1950
vn -0.9808 -0.0000 0.1952
vn -0.9808 -0.0000 0.1953
vn -0.9992 -0.0000 0.0392
vn -0.9992 -0.0000 -0.0392
vn -0.9808 -0.0000 -0.1952
vn -0.9808 -0.0000 -0.1953
vn -0.9808 -0.0000 -0.1950
vn -0.9382 -0.0000 -0.3462
vn -0.9082 -0.0000 -0.4186
vn -0.9082 -0.0000 -0.4185
vn -0.8725 -0.0000 -0.4887
vn -0.8724 -0.0000 -0.4887
vn -0.7343 -0.0000 -0.6789
vn -0.6789 -0.0000 -0.7343
vn -0.4186 -0.0000 -0.9082
vn -0.2713 -0.0000 -0.9625
vn 0.0392 -0.0000 -0.9992
vn 0.6787 -0.0000 -0.7344
vn 0.6788 -0.0000 -0.7344
vn 0.6789 -0.0000 -0.7343
vn 0.7343 -0.0000 -0.6789
vn 0.7853 -0.0000 -0.6192
vn 0.8314 -0.0000 -0.5557
vn 0.8725 -0.0000 -0.4887
vn 0.9082 -0.0000 -0.4186
vn 0.9382 -0.0000 -0.3462
vn 0.9808 -0.0000 -0.1950
vn 0.9808 -0.0000 -0.1952
vn 0.9992 -0.0000 -0.0392
vn 0.9992 -0.0000 0.0392
vn 0.9808 -0.0000 0.1952
vn 0.9808 -0.0000 0.1950
vn 0.9082 -0.0000 0.4186
vn 0.9082 -0.0000 0.4185
vn 0.8725 -0.0000 0.4887
vn 0.8724 -0.0000 0.4887
vn 0.7343 -0.0000 0.6789
vn 0.6788 -0.0000 0.7344
vn 0.0005 1.0000 -0.0000
vn 0.0003 1.0000 -0.0000
vn -0.0003 1.0000 -0.0000
vn 0.0002 1.0000 -0.0000
vn -0.0005 1.0000 -0.0000
vn -0.6788 -0.0000 0.7344
vn -0.8314 -0.0000 -0.5557
vn -0.7853 -0.0000 -0.6192
vn -0.6788 -0.0000 -0.7344
vn -0.6787 -0.0000 -0.7344
vn 0.4186 -0.0000 -0.9082
vn 0.8724 -0.0000 -0.4887
vn 0.9082 -0.0000 -0.4185
vn 0.9808 -0.0000 -0.1953
vn 0.9808 -0.0000 0.1953
vn 0.4186 -0.0000 0.9082
vn -0.0394 -0.9992 -0.0000
vn -0.1174 -0.9931 -0.0000
vn -0.1952 -0.9808 -0.0000
vn -0.5555 -0.8315 -0.0000
vn -0.8725 -0.4885 -0.0000
vn -0.9931 -0.1175 -0.0000
vn -0.9930 -0.1179 -0.0000
vn -0.9992 -0.0394 -0.0000
vn -0.9992 0.0394 -0.0000
vn -0.9930 0.1179 -0.0000
vn -0.9931 0.1175 -0.0000
vn -0.8725 0.4887 -0.0000
vn -0.7854 0.6190 -0.0000
vn -0.5556 0.8315 -0.0000
vn -0.1952 0.9808 -0.0000
vn -0.1174 0.9931 -0.0000
vn -0.0394 0.9992 -0.0000
vn 0.1174 0.9931 -0.0000
vn 0.1952 0.9808 -0.0000
vn 0.5556 0.8315 -0.0000
vn 0.7343 0.6789 -0.0000
vn 0.9930 0.1179 -0.0000
vn 0.9992 0.0394 -0.0000
vn 0.9992 -0.0394 -0.0000
vn 0.9930 -0.1179 -0.0000
vn 0.7343 -0.6789 -0.0000
vn 0.5556 -0.8315 -0.0000
vn 0.1952 -0.9808 -0.0000
vn -0.0000 -0.0003 -1.0000
vn 0.0003 0.0002 -1.0000
vn -0.0003 0.0001 -1.0000
vn -0.0003 -0.0000 -1.0000
vn -0.0005 0.0001 -1.0000
vn 0.0003 -0.0001 -1.0000
vn -0.0000 0.0003 -1.0000
vn -0.0003 -0.0002 -1.0000
vn 0.0003 -0.0000 -1.0000
vn 0.1174 -0.9931 -0.0000
vn -0.5556 -0.8315 -0.0000
vn -0.7343 -0.6789 -0.0000
vn -0.7343 0.6789 -0.0000
vn 0.0394 0.9992 -0.0000
vn 0.5555 0.8315 -0.0000
vn 0.7854 0.6190 -0.0000
vn 0.8725 0.4885 -0.0000
vn 0.8725 0.4887 -0.0000
vn 0.9931 0.1175 -0.0000
vn 0.9931 -0.1175 -0.0000
vn -0.0000 -0.0002 -1.0000
vn -0.0005 -0.0000 -1.0000
vn -0.0000 0.0002 -1.0000
vn 0.0006 -0.0000 -1.0000
vn 0.0394 -0.9992 -0.0000
s 1
f 1//1 2//1 3//1
f 1//1 3//1 4//1
f 5//2 6//2 4//2
f 3//2 7//2 8//2
f 3//2 8//2 9//2
f 10//2 5//2 4//2
f 11//2 10//2 4//2
f 3//2 9//2 12//2
f 3//2 12//2 13//2
f 14//2 11//2 4//2
f 15//2 14//2 4//2
f 3//2 13//2 16//2
f 3//2 16//2 17//2
f 18//2 15//2 4//2
f 19//2 18//2 4//2
f 3//2 17//2 20//2
f 3//2 20//2 21//2
f 22//2 19//2 4//2
f 23//2 22//2 4//2
f 3//2 21//2 24//2
f 3//2 24//2 25//2
f 26//2 23//2 4//2
f 27//2 26//2 4//2
f 3//2 25//2 28//2
f 3//2 28//2 29//2
f 30//2 27//2 4//2
f 31//2 30//2 4//2
f 3//2 29//2 32//2
f 3//2 32//2 33//2
f 31//2 4//2 3//2
f 34//3 31//2 3//2
f 3//2 33//2 35//2
f 3//2 35//2 36//2
f 37//2 34//3 3//2
f 38//2 37//2 3//2
f 3//2 36//2 39//2
f 3//2 39//2 40//2
f 41//2 38//2 3//2
f 42//2 41//2 3//2
f 3//2 40//2 43//2
f 3//2 43//2 44//2
f 45//2 42//2 3//2
f 3//2 44//2 45//2
f 46//2 47//2 48//2
f 49//2 50//2 51//2
f 49//2 51//2 52//2
f 53//2 46//2 48//2
f 54//2 53//2 48//2
f 49//2 52//2 55//2
f 49//2 55//2 56//2
f 57//2 54//2 48//2
f 58//2 57//2 48//2
f 49//2 56//2 59//2
f 49//2 59//2 60//2
f 61//2 58//2 48//2
f 62//2 61//2 48//2
f 49//2 60//2 63//2
f 49//2 63//2 64//2
f 65//2 62//2 48//2
f 66//2 65//2 48//2
f 49//2 64//2 67//2
f 49//2 67//2 68//2
f 69//2 66//2 48//2
f 70//2 69//2 48//2
f 49//2 68//2 71//2
f 49//2 71//2 72//2
f 73//2 70//2 48//2
f 74//2 73//2 48//2
f 49//2 72//2 75//2
f 49//2 75//2 76//2
f 74//2 48//2 49//2
f 77//4 74//2 49//2
f 49//2 76//2 78//2
f 49//2 78//2 79//2
f 80//2 77//4 49//2
f 81//2 80//2 49//2
f 49//2 79//2 82//2
f 49//2 82//2 83//2
f 84//2 81//2 49//2
f 85//2 84//2 49//2
f 49//2 83//2 86//2
f 49//2 86//2 87//2
f 88//2 85//2 49//2
f 49//2 87//2 88//2
f 89//2 50//2 49//2
f 49//2 4//2 6//2
f 49//2 6//2 90//2
f 89//2 49//2 90//2
f 89//2 90//2 91//2
f 92//2 89//2 91//2
f 92//2 91//2 93//2
f 94//2 92//2 93//2
f 94//2 93//2 95//2
f 96//2 94//2 95//2
f 96//2 95//2 97//2
f 98//2 96//2 97//2
f 98//2 97//2 99//2
f 100//2 98//2 99//2
f 100//2 99//2 101//2
f 102//2 100//2 101//2
f 102//2 101//2 103//2
f 104//2 102//2 103//2
f 104//2 103//2 105//2
f 106//2 104//2 105//2
f 106//2 105//2 107//2
f 108//2 106//2 107//2
f 108//2 107//2 109//2
f 110//2 108//2 109//2
f 110//2 109//2 111//2
f 112//2 110//2 111//2
f 112//2 111//2 113//2
f 114//2 112//2 113//2
f 114//2 113//2 115//2
f 116//2 114//2 115//2
f 116//2 115//2 117//2
f 118//2 116//2 117//2
f 118//2 117//2 119//2
f 120//2 118//2 119//2
f 120//2 119//2 121//2
f 122//2 120//2 121//2
f 122//2 121//2 123//2
f 124//2 122//2 123//2
f 124//2 123//2 125//2
f 126//2 124//2 125//2
f 126//2 125//2 127//2
f 128//2 126//2 127//2
f 128//2 127//2 129//2
f 130//2 128//2 129//2
f 130//2 129//2 131//2
f 132//2 130//2 131//2
f 132//2 131//2 133//2
f 134//2 132//2 133//2
f 134//2 133//2 135//2
f 136//2 134//2 135//2
f 136//2 135//2 137//2
f 138//2 136//2 137//2
f 138//2 137//2 139//2
f 140//2 138//2 139//2
f 140//2 139//2 141//2
f 142//2 140//2 141//2
f 142//2 141//2 143//2
f 144//2 142//2 143//2
f 144//2 143//2 145//2
f 146//2 144//2 145//2
f 146//2 145//2 147//2
f 148//2 146//2 147//2
f 148//2 147//2 149//2
f 150//2 148//2 149//2
f 150//2 149//2 151//2
f 152//2 150//2 151//2
f 152//2 151//2 153//2
f 154//2 152//2 153//2
f 154//2 153//2 155//2
f 156//2 154//2 155//2
f 156//2 155//2 157//2
f 158//2 156//2 157//2
f 158//2 157//2 159//2
f 160//2 158//2 159//2
f 160//2 159//2 161//2
f 162//2 160//2 161//2
f 162//2 161//2 163//2
f 164//2 162//2 163//2
f 165//2 7//2 3//2
f 164//2 163//2 165//2
f 48//2 47//2 166//2
f 166//2 164//2 165//2
f 165//2 3//2 48//2
f 165//2 48//2 166//2
f 49//5 48//5 167//5
f 49//5 167//5 168//5
f 168//6 167//6 2//6
f 168//6 2//6 1//6
f 4//7 49//7 168//7
f 4//7 168//7 1//7
f 48//8 169//8 170//8
f 48//8 170//8 171//8
f 172//8 173//8 167//8
f 174//8 172//8 167//8
f 48//8 171//8 175//8
f 48//8 175//8 176//8
f 177//8 174//8 167//8
f 178//8 177//8 167//8
f 48//8 176//8 179//8
f 48//8 179//8 180//8
f 181//8 178//8 167//8
f 182//8 181//8 167//8
f 48//8 180//8 183//8
f 48//8 183//8 184//8
f 185//8 182//8 167//8
f 186//8 185//8 167//8
f 48//8 184//8 187//8
f 48//8 187//8 188//8
f 189//8 186//8 167//8
f 190//8 189//8 167//8
f 48//8 188//8 191//8
f 48//8 191//8 192//8
f 193//8 190//8 167//8
f 194//8 193//8 167//8
f 48//8 192//8 195//8
f 48//8 195//8 196//8
f 197//8 194//8 167//8
f 198//8 197//8 167//8
f 48//8 196//8 199//8
f 48//8 199//8 200//8
f 201//8 198//8 167//8
f 202//8 201//8 167//8
f 48//8 200//8 203//8
f 48//8 203//8 204//8
f 205//8 202//8 167//8
f 206//8 205//8 167//8
f 48//8 204//8 207//8
f 48//8 207//8 208//8
f 209//8 206//8 167//8
f 48//8 208//8 209//8
f 48//8 209//8 167//8
f 210//8 211//8 2//8
f 2//8 167//8 173//8
f 2//8 173//8 212//8
f 213//8 210//8 2//8
f 214//8 213//8 2//8
f 2//8 212//8 215//8
f 2//8 215//8 216//8
f 217//8 214//8 2//8
f 218//8 217//8 2//8
f 2//8 216//8 219//8
f 2//8 219//8 220//8
f 221//8 218//8 2//8
f 222//8 221//8 2//8
f 2//8 220//8 223//8
f 2//8 223//8 224//8
f 225//8 222//8 2//8
f 226//8 225//8 2//8
f 2//8 224//8 227//8
f 2//8 227//8 228//8
f 229//8 226//8 2//8
f 230//8 229//8 2//8
f 2//8 228//8 231//8
f 2//8 231//8 232//8
f 233//8 230//8 2//8
f 234//8 233//8 2//8
f 2//8 232//8 235//8
f 2//8 235//8 236//8
f 237//8 234//8 2//8
f 238//8 237//8 2//8
f 2//8 236//8 239//8
f 2//8 239//8 240//8
f 241//8 238//8 2//8
f 241//8 2//8 240//8
f 241//8 240//8 242//8
f 243//8 241//8 242//8
f 243//8 242//8 244//8
f 245//8 243//8 244//8
f 245//8 244//8 246//8
f 247//8 245//8 246//8
f 247//8 246//8 248//8
f 249//8 247//8 248//8
f 249//8 248//8 250//8
f 251//8 249//8 250//8
f 251//8 250//8 252//8
f 253//8 251//8 252//8
f 253//8 252//8 254//8
f 255//8 253//8 254//8
f 255//8 254//8 256//8
f 257//8 255//8 256//8
f 257//8 256//8 258//8
f 259//8 257//8 258//8
f 259//8 258//8 260//8
f 261//8 259//8 260//8
f 261//8 260//8 262//8
f 263//8 261//8 262//8
f 263//8 262//8 264//8
f 265//8 263//8 264//8
f 265//8 264//8 266//8
f 267//8 265//8 266//8
f 267//8 266//8 268//8
f 269//8 267//8 268//8
f 269//8 268//8 270//8
f 271//8 269//8 270//8
f 271//8 270//8 272//8
f 273//8 271//8 272//8
f 273//8 272//8 274//8
f 275//8 273//8 274//8
f 275//8 274//8 276//8
f 277//8 275//8 276//8
f 277//8 276//8 278//8
f 279//8 277//8 278//8
f 279//8 278//8 280//8
f 281//8 279//8 280//8
f 281//8 280//8 282//8
f 283//8 281//8 282//8
f 283//8 282//8 284//8
f 285//8 283//8 284//8
f 285//8 284//8 286//8
f 3//8 287//8 288//8
f 288//8 285//8 286//8
f 289//8 169//8 48//8
f 288//8 286//8 289//8
f 48//8 3//8 288//8
f 289//8 48//8 288//8
f 290//8 287//8 3//8
f 2//8 211//8 291//8
f 2//8 291//8 292//8
f 293//8 290//8 3//8
f 294//8 293//8 3//8
f 2//8 292//8 295//8
f 2//8 295//8 296//8
f 297//8 294//8 3//8
f 298//8 297//8 3//8
f 2//8 296//8 299//8
f 2//8 299//8 300//8
f 301//8 298//8 3//8
f 302//8 301//8 3//8
f 2//8 300//8 303//8
f 2//8 303//8 304//8
f 305//8 302//8 3//8
f 306//8 305//8 3//8
f 2//8 304//8 307//8
f 2//8 307//8 308//8
f 309//8 306//8 3//8
f 310//8 309//8 3//8
f 2//8 308//8 311//8
f 2//8 311//8 312//8
f 313//8 310//8 3//8
f 314//8 313//8 3//8
f 2//8 312//8 315//8
f 2//8 315//8 316//8
f 317//8 314//8 3//8
f 318//8 317//8 3//8
f 2//8 316//8 319//8
f 2//8 319//8 320//8
f 321//8 318//8 3//8
f 322//8 321//8 3//8
f 2//8 320//8 323//8
f 2//8 323//8 324//8
f 325//8 322//8 3//8
f 326//8 325//8 3//8
f 2//8 324//8 327//8
f 328//8 326//8 3//8
f 2//8 327//8 328//8
f 3//8 2//8 328//8
f 169//9 329//9 330//9
f 169//9 330//9 170//9
f 170//10 330//11 331//10
f 170//10 331//10 171//11
f 171//12 331//12 332//12
f 171//12 332//12 175//12
f 175//13 332//13 333//13
f 175//13 333//13 176//13
f 179//14 176//15 333//14
f 179//14 333//14 334//15
f 180//16 179//17 334//16
f 180//16 334//16 335//16
f 183//18 180//18 335//18
f 183//18 335//18 336//18
f 184//19 183//19 336//19
f 184//19 336//19 337//19
f 187//20 184//20 337//20
f 187//20 337//20 338//20
f 188//21 187//21 338//21
f 188//21 338//21 339//21
f 191//22 188//22 339//22
f 191//22 339//22 340//22
f 192//23 191//23 340//23
f 192//23 340//23 341//23
f 195//24 192//24 341//24
f 195//24 341//24 342//24
f 196//25 195//25 342//25
f 196//25 342//25 343//26
f 199//27 196//28 343//27
f 199//27 343//27 344//27
f 200//29 199//30 344//30
f 200//29 344//30 345//30
f 203//31 200//31 345//31
f 203//31 345//31 346//31
f 204//32 203//33 346//32
f 204//32 346//32 347//34
f 207//35 204//35 347//35
f 207//35 347//35 348//36
f 208//37 207//37 348//37
f 208//37 348//37 349//38
f 209//39 208//40 349//39
f 209//39 349//39 350//39
f 206//41 209//42 350//41
f 206//41 350//41 351//41
f 205//43 206//44 351//43
f 205//43 351//43 352//45
f 202//46 205//46 352//46
f 202//46 352//46 353//46
f 201//47 202//47 353//48
f 201//47 353//48 354//47
f 198//49 201//49 354//49
f 198//49 354//49 355//50
f 197//51 198//52 355//53
f 197//51 355//53 356//51
f 194//54 197//55 356//54
f 194//54 356//54 357//54
f 193//56 194//56 357//56
f 193//56 357//56 358//56
f 190//57 193//57 358//57
f 190//57 358//57 359//57
f 189//58 190//58 359//58
f 189//58 359//58 360//58
f 186//59 189//59 360//59
f 186//59 360//59 361//59
f 185//60 186//60 361//60
f 185//60 361//60 362//60
f 182//61 185//61 362//61
f 182//61 362//61 363//61
f 181//62 182//62 363//63
f 181//62 363//63 364//63
f 178//64 181//65 364//64
f 178//64 364//64 365//65
f 177//66 178//66 365//66
f 177//66 365//66 366//66
f 174//67 177//67 366//67
f 174//67 366//67 367//67
f 172//68 174//69 367//68
f 172//68 367//68 368//69
f 173//70 172//70 368//70
f 173//70 368//70 369//70
f 212//71 173//71 369//71
f 212//71 369//71 370//72
f 215//73 212//74 370//73
f 215//73 370//73 371//74
f 216//75 215//75 371//75
f 216//75 371//75 372//75
f 219//76 216//76 372//76
f 219//76 372//76 373//76
f 219//77 373//78 374//77
f 219//77 374//77 220//78
f 220//79 374//79 375//79
f 220//79 375//79 223//79
f 223//80 375//80 376//80
f 223//80 376//80 224//80
f 224//81 376//81 377//81
f 224//81 377//81 227//81
f 227//82 377//82 378//82
f 227//82 378//82 228//82
f 228//83 378//84 379//83
f 228//83 379//83 231//85
f 231//86 379//86 380//86
f 231//86 380//86 232//86
f 232//87 380//87 381//87
f 232//87 381//87 235//87
f 235//88 381//88 382//88
f 235//88 382//88 236//89
f 236//90 382//90 383//91
f 236//90 383//91 239//92
f 239//93 383//94 384//93
f 239//93 384//93 240//93
f 240//95 384//95 385//96
f 240//95 385//96 242//95
f 242//97 385//97 386//97
f 242//97 386//97 244//97
f 244//98 386//99 387//98
f 244//98 387//98 246//98
f 246//100 387//100 388//100
f 246//100 388//100 248//101
f 248//102 388//102 389//102
f 248//102 389//102 250//103
f 250//104 389//105 390//104
f 250//104 390//104 252//104
f 252//106 390//107 391//106
f 252//106 391//106 254//106
f 254//108 391//108 392//108
f 254//108 392//108 256//109
f 256//110 392//110 393//110
f 256//110 393//110 258//110
f 258//111 393//112 394//112
f 258//111 394//112 260//112
f 260//113 394//113 395//113
f 260//113 395//113 262//114
f 262//115 395//116 396//115
f 262//115 396//115 264//115
f 264//117 396//118 397//117
f 264//117 397//117 266//117
f 266//119 397//119 398//119
f 266//119 398//119 268//119
f 268//120 398//120 399//120
f 268//120 399//120 270//120
f 270//121 399//122 400//121
f 270//121 400//121 272//121
f 272//123 400//123 401//123
f 272//123 401//123 274//123
f 274//124 401//124 402//124
f 274//124 402//124 276//124
f 276//125 402//125 403//125
f 276//125 403//125 278//125
f 278//126 403//126 404//126
f 278//126 404//126 280//126
f 280//127 404//128 405//127
f 280//127 405//127 282//128
f 282//129 405//129 406//129
f 282//129 406//129 284//129
f 284//130 406//130 407//130
f 284//130 407//130 286//130
f 286//131 407//132 408//131
f 286//131 408//131 289//132
f 408//133 329//133 169//133
f 408//133 169//133 289//133
f 370//8 369//8 368//8
f 368//8 367//8 366//8
f 366//8 365//8 364//8
f 364//8 363//8 362//8
f 362//8 361//8 360//8
f 360//8 359//8 358//8
f 358//8 357//8 356//8
f 356//8 355//8 354//8
f 354//8 353//8 352//8
f 352//8 351//8 350//8
f 350//8 349//8 348//8
f 348//8 347//8 346//8
f 346//8 345//8 344//8
f 344//8 343//8 342//8
f 342//8 341//8 340//8
f 340//8 339//8 338//8
f 338//8 337//8 336//8
f 336//8 335//8 334//8
f 334//8 333//8 332//8
f 332//8 331//8 330//8
f 330//8 329//8 408//8
f 408//8 407//8 406//8
f 406//8 405//8 404//8
f 404//8 403//8 402//8
f 402//8 401//8 400//8
f 400//8 399//8 398//8
f 398//8 397//8 396//8
f 396//8 395//8 394//8
f 394//8 393//8 392//8
f 392//8 391//8 390//8
f 390//8 389//8 388//8
f 388//8 387//8 386//8
f 386//8 385//8 384//8
f 384//8 383//8 382//8
f 382//8 381//8 380//8
f 380//8 379//8 378//8
f 378//8 377//8 376//8
f 376//8 375//8 374//8
f 374//8 373//8 372//8
f 372//8 371//8 370//8
f 370//8 368//8 366//8
f 366//8 364//8 362//8
f 362//8 360//8 358//8
f 358//8 356//8 354//8
f 354//8 352//8 350//8
f 350//8 348//8 346//8
f 346//8 344//8 342//8
f 342//8 340//8 338//8
f 338//8 336//8 334//8
f 334//8 332//8 330//8
f 330//8 408//8 406//8
f 406//8 404//8 402//8
f 402//8 400//8 398//8
f 398//8 396//8 394//8
f 394//8 392//8 390//8
f 390//8 388//8 386//8
f 386//8 384//8 382//8
f 382//8 380//8 378//8
f 378//8 376//8 374//8
f 374//8 372//8 370//8
f 370//8 366//8 362//8
f 362//8 358//8 354//8
f 354//8 350//8 346//8
f 346//8 342//8 338//8
f 338//8 334//8 330//8
f 330//8 406//8 402//8
f 402//8 398//8 394//8
f 394//8 390//8 386//8
f 386//8 382//8 378//8
f 378//8 374//8 370//8
f 370//8 362//8 354//8
f 354//8 346//8 338//8
f 338//8 330//8 402//8
f 402//8 394//8 386//8
f 386//8 378//8 370//8
f 370//8 354//8 338//8
f 338//8 402//8 386//8
f 338//8 386//8 370//8
f 287//9 409//9 410//9
f 287//9 410//9 288//9
f 288//10 410//11 411//10
f 288//10 411//10 285//11
f 285//12 411//12 412//12
f 285//12 412//12 283//12
f 283//13 412//13 413//13
f 283//13 413//13 281//13
f 279//14 281//15 413//14
f 279//14 413//14 414//15
f 277//17 279//17 414//17
f 277//17 414//17 415//17
f 275//18 277//18 415//18
f 275//18 415//18 416//18
f 273//19 275//19 416//19
f 273//19 416//19 417//19
f 271//20 273//20 417//20
f 271//20 417//20 418//20
f 269//134 271//134 418//134
f 269//134 418//134 419//21
f 267//22 269//22 419//22
f 267//22 419//22 420//22
f 265//23 267//23 420//23
f 265//23 420//23 421//23
f 263//24 265//24 421//24
f 263//24 421//24 422//135
f 261//25 263//25 422//25
f 261//25 422//25 423//26
f 259//27 261//28 423//27
f 259//27 423//27 424//27
f 257//29 259//30 424//30
f 257//29 424//30 425//30
f 255//31 257//31 425//31
f 255//31 425//31 426//31
f 253//34 255//33 426//34
f 253//34 426//34 427//34
f 251//35 253//35 427//35
f 251//35 427//35 428//36
f 249//37 251//37 428//37
f 249//37 428//37 429//38
f 247//39 249//40 429//39
f 247//39 429//39 430//39
f 245//41 247//42 430//41
f 245//41 430//41 431//41
f 243//44 245//44 431//44
f 243//44 431//44 432//45
f 241//46 243//46 432//46
f 241//46 432//46 433//46
f 238//47 241//47 433//48
f 238//47 433//48 434//47
f 237//49 238//49 434//49
f 237//49 434//49 435//50
f 234//51 237//52 435//53
f 234//51 435//53 436//51
f 233//54 234//55 436//54
f 233//54 436//54 437//54
f 230//56 233//56 437//56
f 230//56 437//56 438//56
f 229//57 230//57 438//57
f 229//57 438//57 439//57
f 226//136 229//58 439//136
f 226//136 439//136 440//137
f 225//59 226//59 440//59
f 225//59 440//59 441//59
f 222//60 225//60 441//60
f 222//60 441//60 442//60
f 221//61 222//61 442//61
f 221//61 442//61 443//61
f 218//63 221//63 443//63
f 218//63 443//63 444//63
f 217//64 218//65 444//64
f 217//64 444//64 445//65
f 214//66 217//66 445//66
f 214//66 445//66 446//66
f 213//67 214//67 446//67
f 213//67 446//67 447//67
f 210//68 213//69 447//68
f 210//68 447//68 448//69
f 211//70 210//70 448//70
f 211//70 448//70 449//70
f 291//71 211//71 449//71
f 291//71 449//71 450//72
f 292//73 291//74 450//73
f 292//73 450//73 451//74
f 295//75 292//75 451//75
f 295//75 451//75 452//75
f 296//76 295//76 452//76
f 296//76 452//76 453//76
f 296//77 453//78 454//77
f 296//77 454//77 299//78
f 299//138 454//79 455//79
f 299//138 455//79 300//138
f 300//80 455//80 456//80
f 300//80 456//80 303//80
f 303//81 456//81 457//81
f 303//81 457//81 304//81
f 304//82 457//82 458//82
f 304//82 458//82 307//82
f 307//85 458//85 459//85
f 307//85 459//85 308//85
f 308//86 459//86 460//86
f 308//86 460//86 311//86
f 311//87 460//87 461//87
f 311//87 461//87 312//87
f 312//88 461//88 462//88
f 312//88 462//88 315//89
f 315//90 462//90 463//91
f 315//90 463//91 316//92
f 316//93 463//94 464//93
f 316//93 464//93 319//93
f 319//95 464//95 465//96
f 319//95 465//96 320//95
f 320//97 465//97 466//97
f 320//97 466//97 323//97
f 323//139 466//99 467//139
f 323//139 467//139 324//98
f 324//100 467//100 468//100
f 324//100 468//100 327//101
f 327//102 468//102 469//102
f 327//102 469//102 328//103
f 328//104 469//105 470//104
f 328//104 470//104 326//104
f 326//106 470//107 471//106
f 326//106 471//106 325//106
f 325//140 471//108 472//140
f 325//140 472//140 322//109
f 322//110 472//110 473//110
f 322//110 473//110 321//110
f 321//111 473//112 474//112
f 321//111 474//112 318//112
f 318//113 474//113 475//113
f 318//113 475//113 317//114
f 317//115 475//116 476//115
f 317//115 476//115 314//115
f 314//117 476//117 477//117
f 314//117 477//117 313//117
f 313//119 477//119 478//119
f 313//119 478//119 310//119
f 310//120 478//120 479//120
f 310//120 479//120 309//120
f 309//122 479//122 480//122
f 309//122 480//122 306//122
f 306//123 480//123 481//123
f 306//123 481//123 305//123
f 305//124 481//124 482//124
f 305//124 482//124 302//124
f 302//125 482//125 483//125
f 302//125 483//125 301//125
f 301//141 483//141 484//141
f 301//141 484//141 298//126
f 298//127 484//128 485//127
f 298//127 485//127 297//128
f 297//129 485//129 486//129
f 297//129 486//129 294//129
f 294//130 486//130 487//130
f 294//130 487//130 293//130
f 293//131 487//132 488//131
f 293//131 488//131 290//132
f 488//133 409//133 287//133
f 488//133 287//133 290//133
f 451//8 450//8 449//8
f 449//8 448//8 447//8
f 447//8 446//8 445//8
f 445//8 444//8 443//8
f 443//8 442//8 441//8
f 441//8 440//8 439//8
f 439//8 438//8 437//8
f 437//8 436//8 435//8
f 435//8 434//8 433//8
f 433//8 432//8 431//8
f 431//8 430//8 429//8
f 429//8 428//8 427//8
f 427//8 426//8 425//8
f 425//8 424//8 423//8
f 423//8 422//8 421//8
f 421//8 420//8 419//8
f 419//8 418//8 417//8
f 417//8 416//8 415//8
f 415//8 414//8 413//8
f 413//8 412//8 411//8
f 411//8 410//8 409//8
f 409//8 488//8 487//8
f 487//8 486//8 485//8
f 485//8 484//8 483//8
f 483//8 482//8 481//8
f 481//8 480//8 479//8
f 479//8 478//8 477//8
f 477//8 476//8 475//8
f 475//8 474//8 473//8
f 473//8 472//8 471//8
f 471//8 470//8 469//8
f 469//8 468//8 467//8
f 467//8 466//8 465//8
f 465//8 464//8 463//8
f 463//8 462//8 461//8
f 461//8 460//8 459//8
f 459//8 458//8 457//8
f 457//8 456//8 455//8
f 455//8 454//8 453//8
f 453//8 452//8 451//8
f 451//8 449//8 447//8
f 447//8 445//8 443//8
f 443//8 441//8 439//8
f 439//8 437//8 435//8
f 435//8 433//8 431//8
f 431//8 429//8 427//8
f 427//8 425//8 423//8
f 423//8 421//8 419//8
f 419//8 417//8 415//8
f 415//8 413//8 411//8
f 411//8 409//8 487//8
f 487//8 485//8 483//8
f 483//8 481//8 479//8
f 479//8 477//8 475//8
f 475//8 473//8 471//8
f 471//8 469//8 467//8
f 467//8 465//8 463//8
f 463//8 461//8 459//8
f 459//8 457//8 455//8
f 455//8 453//8 451//8
f 451//8 447//8 443//8
f 443//8 439//8 435//8
f 435//8 431//8 427//8
f 427//8 423//8 419//8
f 419//8 415//8 411//8
f 411//8 487//8 483//8
f 483//8 479//8 475//8
f 475//8 471//8 467//8
f 467//8 463//8 459//8
f 459//8 455//8 451//8
f 451//8 443//8 435//8
f 435//8 427//8 419//8
f 419//8 411//8 483//8
f 483//8 475//8 467//8
f 467//8 459//8 451//8
f 451//8 435//8 419//8
f 419//8 483//8 467//8
f 419//8 467//8 451//8
f 489//142 490//143 7//143
f 489//142 7//143 165//143
f 491//144 489//145 165//144
f 491//144 165//144 163//144
f 492//146 491//146 163//146
f 492//146 163//146 161//147
f 493//148 492//148 161//148
f 493//148 161//148 159//148
f 494//149 493//149 159//149
f 494//149 159//149 157//149
f 495//150 494//150 157//150
f 495//150 157//150 155//150
f 496//151 495//151 155//151
f 496//151 155//151 153//151
f 497//152 496//152 153//152
f 497//152 153//152 151//153
f 498//154 497//154 151//154
f 498//154 151//154 149//154
f 499//155 498//155 149//155
f 499//155 149//155 147//155
f 500//156 499//156 147//156
f 500//156 147//156 145//156
f 501//157 500//157 145//157
f 501//157 145//157 143//157
f 502//158 501//158 143//159
f 502//158 143//159 141//159
f 503//160 502//160 141//160
f 503//160 141//160 139//160
f 504//161 503//161 139//161
f 504//161 139//161 137//161
f 505//162 504//162 137//162
f 505//162 137//162 135//162
f 506//163 505//163 135//163
f 506//163 135//163 133//163
f 507//164 506//164 133//164
f 507//164 133//164 131//164
f 508//165 507//166 131//167
f 508//165 131//167 129//167
f 509//168 508//168 129//169
f 509//168 129//169 127//169
f 510//170 509//170 127//171
f 510//170 127//171 125//171
f 511//172 510//172 125//173
f 511//172 125//173 123//174
f 512//175 511//175 123//175
f 512//175 123//175 121//175
f 513//176 512//176 121//176
f 513//176 121//176 119//176
f 514//177 513//177 119//177
f 514//177 119//177 117//177
f 515//178 514//178 117//178
f 515//178 117//178 115//178
f 516//179 515//180 115//179
f 516//179 115//179 113//179
f 517//181 516//181 113//182
f 517//181 113//182 111//182
f 518//183 517//183 111//183
f 518//183 111//183 109//183
f 519//184 518//184 109//184
f 519//184 109//184 107//184
f 520//185 519//185 107//185
f 520//185 107//185 105//185
f 521//186 520//186 105//186
f 521//186 105//186 103//186
f 522//187 521//188 103//187
f 522//187 103//187 101//187
f 523//189 522//189 101//189
f 523//189 101//189 99//189
f 524//190 523//190 99//190
f 524//190 99//190 97//190
f 525//191 524//191 97//191
f 525//191 97//191 95//191
f 526//192 525//192 95//192
f 526//192 95//192 93//192
f 527//193 526//194 93//193
f 527//193 93//193 91//193
f 528//195 527//195 91//195
f 528//195 91//195 90//196
f 6//197 529//197 528//198
f 6//197 528//198 90//197
f 5//199 530//199 529//199
f 5//199 529//199 6//199
f 531//200 530//200 5//200
f 531//200 5//200 10//201
f 532//202 531//202 10//202
f 532//202 10//202 11//203
f 533//204 532//204 11//204
f 533//204 11//204 14//204
f 534//205 533//206 14//205
f 534//205 14//205 15//206
f 535//207 534//207 15//207
f 535//207 15//207 18//207
f 536//208 535//208 18//208
f 536//208 18//208 19//208
f 537//209 536//209 19//210
f 537//209 19//210 22//209
f 538//211 537//211 22//211
f 538//211 22//211 23//211
f 539//212 538//212 23//212
f 539//212 23//212 26//212
f 540//213 539//213 26//213
f 540//213 26//213 27//213
f 541//214 540//214 27//214
f 541//214 27//214 30//214
f 542//215 541//215 30//215
f 542//215 30//215 31//215
f 543//216 542//216 31//216
f 543//216 31//216 34//216
f 544//217 543//217 34//217
f 544//217 34//217 37//217
f 545//218 544//218 37//218
f 545//218 37//218 38//218
f 546//219 545//220 38//219
f 546//219 38//219 41//220
f 547//221 546//221 41//221
f 547//221 41//221 42//221
f 548//222 547//223 42//222
f 548//222 42//222 45//223
f 549//224 548//224 45//225
f 549//224 45//225 44//225
f 550//226 549//226 44//227
f 550//226 44//227 43//227
f 551//228 550//229 43//228
f 551//228 43//228 40//229
f 552//230 551//230 40//230
f 552//230 40//230 39//230
f 553//231 552//232 39//231
f 553//231 39//231 36//232
f 554//233 553//233 36//233
f 554//233 36//233 35//233
f 555//234 554//234 35//234
f 555//234 35//234 33//234
f 556//235 555//235 33//235
f 556//235 33//235 32//235
f 557//236 556//236 32//236
f 557//236 32//236 29//236
f 558//237 557//237 29//237
f 558//237 29//237 28//237
f 559//238 558//238 28//238
f 559//238 28//238 25//238
f 560//239 559//239 25//239
f 560//239 25//239 24//239
f 561//240 560//240 24//240
f 561//240 24//240 21//240
f 562//241 561//241 21//242
f 562//241 21//242 20//241
f 563//243 562//243 20//243
f 563//243 20//243 17//243
f 564//244 563//244 17//244
f 564//244 17//244 16//244
f 565//245 564//246 16//245
f 565//245 16//245 13//246
f 566//247 565//247 13//247
f 566//247 13//247 12//247
f 567//248 566//249 12//248
f 567//248 12//248 9//248
f 567//2 568//2 490//2
f 490//2 489//2 491//2
f 491//2 492//250 493//2
f 493//2 494//2 495//2
f 495//2 496//2 497//2
f 497//2 498//251 499//2
f 499//2 500//2 501//2
f 501//2 502//3 503//2
f 503//2 504//252 505//2
f 505//2 506//250 507//2
f 507//2 508//250 509//2
f 509//2 510//4 511//2
f 511//2 512//253 513//2
f 513//2 514//251 515//2
f 515//2 516//3 517//2
f 517//2 518//2 519//2
f 519//2 520//251 521//2
f 521//2 522//2 523//2
f 523//2 524//2 525//2
f 525//2 526//250 527//2
f 527//2 528//2 529//2
f 529//2 530//2 531//2
f 531//2 532//251 533//2
f 533//2 534//2 535//2
f 535//2 536//2 537//2
f 537//2 538//250 539//2
f 539//2 540//2 541//2
f 541//2 542//4 543//2
f 543//2 544//254 545//2
f 545//2 546//3 547//2
f 547//2 548//251 549//2
f 549//2 550//3 551//2
f 551//2 552//254 553//2
f 553//2 554//250 555//2
f 555//2 556//4 557//2
f 557//2 558//2 559//2
f 559//2 560//250 561//2
f 561//2 562//2 563//2
f 563//2 564//2 565//2
f 565//2 566//251 567//2
f 567//2 490//2 491//2
f 491//2 493//2 495//2
f 495//2 497//2 499//2
f 499//2 501//2 503//2
f 503//2 505//2 507//2
f 507//2 509//2 511//2
f 511//2 513//2 515//2
f 515//2 517//2 519//2
f 519//2 521//2 523//2
f 523//2 525//2 527//2
f 527//2 529//2 531//2
f 531//2 533//2 535//2
f 535//2 537//2 539//2
f 539//2 541//2 543//2
f 543//2 545//2 547//2
f 547//2 549//2 551//2
f 551//2 553//2 555//2
f 555//2 557//2 559//2
f 559//2 561//2 563//2
f 563//2 565//2 567//2
f 567//2 491//2 495//2
f 495//2 499//2 503//2
f 503//2 507//2 511//2
f 511//2 515//2 519//2
f 519//2 523//2 527//2
f 527//2 531//2 535//2
f 535//2 539//2 543//2
f 543//2 547//2 551//2
f 551//2 555//2 559//2
f 559//2 563//2 567//2
f 567//2 495//2 503//2
f 503//2 511//2 519//2
f 519//2 527//2 535//2
f 535//2 543//2 551//2
f 551//2 559//2 567//2
f 567//2 503//2 519//2
f 519//2 535//2 551//2
f 519//2 551//2 567//2
f 568//255 567//256 9//255
f 568//255 9//255 8//255
f 490//257 568//257 8//257
f 490//257 8//257 7//257
f 569//143 570//143 47//143
f 569//143 47//143 46//143
f 571//144 569//144 46//144
f 571//144 46//144 53//145
f 572//146 571//146 53//146
f 572//146 53//146 54//147
f 573//148 572//148 54//148
f 573//148 54//148 57//148
f 574//149 573//258 57//149
f 574//149 57//149 58//258
f 575//150 574//150 58//150
f 575//150 58//150 61//150
f 576//151 575//151 61//151
f 576//151 61//151 62//151
f 577//153 576//153 62//152
f 577//153 62//152 65//153
f 578//154 577//154 65//154
f 578//154 65//154 66//154
f 579//155 578//155 66//155
f 579//155 66//155 69//155
f 580//156 579//156 69//156
f 580//156 69//156 70//156
f 581//157 580//157 70//157
f 581//157 70//157 73//157
f 582//158 581//158 73//158
f 582//158 73//158 74//158
f 583//160 582//160 74//160
f 583//160 74//160 77//160
f 584//161 583//161 77//161
f 584//161 77//161 80//161
f 585//162 584//162 80//162
f 585//162 80//162 81//162
f 586//259 585//163 81//259
f 586//259 81//259 84//163
f 587//164 586//164 84//164
f 587//164 84//164 85//164
f 588//260 587//167 85//260
f 588//260 85//260 88//167
f 589//169 588//169 88//168
f 589//169 88//168 87//168
f 590//171 589//171 87//170
f 590//171 87//170 86//170
f 591//261 590//172 86//261
f 591//261 86//261 83//172
f 592//175 591//175 83//175
f 592//175 83//175 82//175
f 593//262 592//176 82//262
f 593//262 82//262 79//176
f 594//177 593//177 79//177
f 594//177 79//177 78//177
f 595//178 594//178 78//178
f 595//178 78//178 76//178
f 596//179 595//179 76//179
f 596//179 76//179 75//179
f 597//182 596//182 75//182
f 597//182 75//182 72//182
f 598//183 597//183 72//183
f 598//183 72//183 71//183
f 599//184 598//184 71//184
f 599//184 71//184 68//184
f 600//185 599//185 68//185
f 600//185 68//185 67//185
f 601//186 600//186 67//186
f 601//186 67//186 64//186
f 602//188 601//188 64//187
f 602//188 64//187 63//188
f 603//189 602//189 63//189
f 603//189 63//189 60//189
f 604//190 603//190 60//190
f 604//190 60//190 59//190
f 605//191 604//263 59//191
f 605//191 59//191 56//263
f 606//192 605//192 56//192
f 606//192 56//192 55//192
f 607//193 606//194 55//193
f 607//193 55//193 52//193
f 608//195 607//196 52//195
f 608//195 52//195 51//195
f 50//197 609//197 608//197
f 50//197 608//197 51//197
f 89//264 610//199 609//199
f 89//264 609//199 50//199
f 611//200 610//201 89//200
f 611//200 89//200 92//200
f 612//202 611//202 92//202
f 612//202 92//202 94//203
f 613//204 612//204 94//204
f 613//204 94//204 96//204
f 614//205 613//205 96//205
f 614//205 96//205 98//205
f 615//207 614//207 98//207
f 615//207 98//207 100//207
f 616//208 615//208 100//208
f 616//208 100//208 102//208
f 617//210 616//210 102//210
f 617//210 102//210 104//209
f 618//211 617//211 104//211
f 618//211 104//211 106//211
f 619//212 618//212 106//212
f 619//212 106//212 108//212
f 620//213 619//213 108//213
f 620//213 108//213 110//213
f 621//214 620//214 110//214
f 621//214 110//214 112//214
f 622//215 621//215 112//265
f 622//215 112//265 114//265
f 623//216 622//216 114//216
f 623//216 114//216 116//216
f 624//217 623//217 116//217
f 624//217 116//217 118//217
f 625//218 624//218 118//218
f 625//218 118//218 120//218
f 626//220 625//220 120//220
f 626//220 120//220 122//220
f 627//221 626//221 122//221
f 627//221 122//221 124//221
f 628//266 627//267 124//223
f 628//266 124//223 126//223
f 629//225 628//225 126//224
f 629//225 126//224 128//224
f 630//227 629//227 128//226
f 630//227 128//226 130//226
f 631//229 630//229 130//268
f 631//229 130//268 132//269
f 632//230 631//230 132//230
f 632//230 132//230 134//230
f 633//232 632//232 134//232
f 633//232 134//232 136//232
f 634//233 633//233 136//233
f 634//233 136//233 138//233
f 635//234 634//234 138//234
f 635//234 138//234 140//234
f 636//235 635//270 140//235
f 636//235 140//235 142//235
f 637//271 636//271 142//236
f 637//271 142//236 144//236
f 638//237 637//237 144//237
f 638//237 144//237 146//237
f 639//238 638//238 146//238
f 639//238 146//238 148//238
f 640//239 639//239 148//239
f 640//239 148//239 150//239
f 641//240 640//240 150//240
f 641//240 150//240 152//240
f 642//242 641//241 152//242
f 642//242 152//242 154//242
f 643//243 642//243 154//243
f 643//243 154//243 156//243
f 644//244 643//244 156//244
f 644//244 156//244 158//244
f 645//245 644//245 158//245
f 645//245 158//245 160//245
f 646//247 645//247 160//247
f 646//247 160//247 162//247
f 647//248 646//249 162//248
f 647//248 162//248 164//248
f 648//2 570//2 569//2
f 569//2 571//2 572//2
f 572//2 573//2 574//2
f 574//2 575//2 576//2
f 576//2 577//250 578//2
f 578//2 579//250 580//2
f 580//2 581//2 582//251
f 582//251 583//272 584//2
f 584//2 585//2 586//250
f 586//250 587//2 588//2
f 588//2 589//2 590//2
f 590//2 591//2 592//2
f 592//2 593//2 594//2
f 594//2 595//272 596//2
f 596//2 597//2 598//2
f 598//2 599//250 600//2
f 600//2 601//250 602//2
f 602//2 603//2 604//2
f 604//2 605//2 606//2
f 606//2 607//2 608//2
f 608//2 609//2 610//2
f 610//2 611//2 612//2
f 612//2 613//2 614//2
f 614//2 615//2 616//2
f 616//2 617//251 618//2
f 618//2 619//251 620//2
f 620//2 621//2 622//250
f 622//250 623//273 624//2
f 624//2 625//2 626//251
f 626//251 627//251 628//2
f 628//2 629//2 630//2
f 630//2 631//251 632//2
f 632//2 633//2 634//2
f 634//2 635//273 636//2
f 636//2 637//2 638//2
f 638//2 639//251 640//2
f 640//2 641//251 642//2
f 642//2 643//2 644//2
f 644//2 645//2 646//2
f 646//2 647//2 648//2
f 648//2 569//2 572//2
f 572//2 574//2 576//2
f 576//2 578//2 580//2
f 580//2 582//251 584//2
f 584//2 586//250 588//2
f 588//2 590//2 592//2
f 592//2 594//2 596//2
f 596//2 598//2 600//2
f 600//2 602//2 604//2
f 604//2 606//2 608//2
f 608//2 610//2 612//2
f 612//2 614//2 616//2
f 616//2 618//2 620//2
f 620//2 622//250 624//2
f 624//2 626//251 628//2
f 628//2 630//2 632//2
f 632//2 634//2 636//2
f 636//2 638//2 640//2
f 640//2 642//2 644//2
f 644//2 646//2 648//2
f 648//2 572//2 576//2
f 576//2 580//2 584//2
f 584//2 588//2 592//2
f 592//2 596//2 600//2
f 600//2 604//2 608//2
f 608//2 612//2 616//2
f 616//2 620//2 624//2
f 624//2 628//2 632//2
f 632//2 636//2 640//2
f 640//2 644//2 648//2
f 648//2 576//2 584//2
f 584//2 592//2 600//2
f 600//2 608//2 616//2
f 616//2 624//2 632//2
f 632//2 640//2 648//2
f 648//2 584//2 600//2
f 600//2 616//2 632//2
f 600//2 632//2 648//2
f 648//255 647//255 164//255
f 648//255 164//255 166//256
f 570//257 648//257 166//274
f 570//257 166//274 47//257
f 649//1 650//1 651//1
f 649//1 651//1 652//1
f 653//8 654//8 652//8
f 651//8 655//275 656//276
f 651//8 656//276 657//8
f 658//277 653//8 652//8
f 659//8 658//277 652//8
f 651//8 657//8 660//8
f 651//8 660//8 661//8
f 662//8 659//8 652//8
f 663//8 662//8 652//8
f 651//8 661//8 664//8
f 651//8 664//8 665//8
f 666//8 663//8 652//8
f 667//8 666//8 652//8
f 651//8 665//8 668//8
f 651//8 668//8 669//8
f 670//8 667//8 652//8
f 671//8 670//8 652//8
f 651//8 669//8 672//8
f 651//8 672//8 673//8
f 674//8 671//8 652//8
f 675//8 674//8 652//8
f 651//8 673//8 676//8
f 651//8 676//8 677//8
f 678//8 675//8 652//8
f 679//8 678//8 652//8
f 651//8 677//8 680//8
f 651//8 680//8 681//8
f 679//8 652//8 651//8
f 682//8 679//8 651//8
f 651//8 681//8 683//8
f 651//8 683//8 684//8
f 685//8 682//8 651//8
f 686//8 685//8 651//8
f 651//8 684//8 687//8
f 651//8 687//8 688//8
f 689//8 686//8 651//8
f 690//8 689//8 651//8
f 651//8 688//8 691//8
f 651//8 691//8 692//8
f 693//8 690//8 651//8
f 651//8 692//8 693//8
f 694//8 695//278 696//8
f 697//8 698//279 699//277
f 697//8 699//277 700//8
f 701//276 694//8 696//8
f 702//8 701//276 696//8
f 697//8 700//8 703//8
f 697//8 703//8 704//8
f 705//8 702//8 696//8
f 706//8 705//8 696//8
f 697//8 704//8 707//8
f 697//8 707//8 708//8
f 709//8 706//8 696//8
f 710//8 709//8 696//8
f 697//8 708//8 711//8
f 697//8 711//8 712//8
f 713//8 710//8 696//8
f 714//8 713//8 696//8
f 697//8 712//8 715//8
f 697//8 715//8 716//8
f 717//8 714//8 696//8
f 718//8 717//8 696//8
f 697//8 716//8 719//8
f 697//8 719//8 720//8
f 721//8 718//8 696//8
f 722//8 721//8 696//8
f 697//8 720//8 723//8
f 697//8 723//8 724//8
f 722//8 696//8 697//8
f 725//8 722//8 697//8
f 697//8 724//8 726//8
f 697//8 726//8 727//8
f 728//8 725//8 697//8
f 729//8 728//8 697//8
f 697//8 727//8 730//8
f 697//8 730//8 731//8
f 732//8 729//8 697//8
f 733//8 732//8 697//8
f 697//8 731//8 734//8
f 697//8 734//8 735//8
f 736//8 733//8 697//8
f 697//8 735//8 736//8
f 737//8 698//279 697//8
f 697//8 652//8 654//8
f 697//8 654//8 738//280
f 737//8 697//8 738//280
f 737//8 738//280 739//277
f 740//8 737//8 739//277
f 740//8 739//277 741//276
f 742//277 740//8 741//276
f 742//277 741//276 743//8
f 744//8 742//277 743//8
f 744//8 743//8 745//8
f 746//8 744//8 745//8
f 746//8 745//8 747//8
f 748//8 746//8 747//8
f 748//8 747//8 749//8
f 750//8 748//8 749//8
f 750//8 749//8 751//8
f 752//8 750//8 751//8
f 752//8 751//8 753//8
f 754//8 752//8 753//8
f 754//8 753//8 755//8
f 756//8 754//8 755//8
f 756//8 755//8 757//8
f 758//8 756//8 757//8
f 758//8 757//8 759//8
f 760//8 758//8 759//8
f 760//8 759//8 761//8
f 762//8 760//8 761//8
f 762//8 761//8 763//8
f 764//8 762//8 763//8
f 764//8 763//8 765//8
f 766//8 764//8 765//8
f 766//8 765//8 767//8
f 768//8 766//8 767//8
f 768//8 767//8 769//8
f 770//8 768//8 769//8
f 770//8 769//8 771//8
f 772//8 770//8 771//8
f 772//8 771//8 773//8
f 774//8 772//8 773//8
f 774//8 773//8 775//8
f 776//8 774//8 775//8
f 776//8 775//8 777//8
f 778//8 776//8 777//8
f 778//8 777//8 779//8
f 780//8 778//8 779//8
f 780//8 779//8 781//8
f 782//8 780//8 781//8
f 782//8 781//8 783//8
f 784//8 782//8 783//8
f 784//8 783//8 785//8
f 786//8 784//8 785//8
f 786//8 785//8 787//8
f 788//8 786//8 787//8
f 788//8 787//8 789//8
f 790//8 788//8 789//8
f 790//8 789//8 791//8
f 792//8 790//8 791//8
f 792//8 791//8 793//8
f 794//8 792//8 793//8
f 794//8 793//8 795//8
f 796//8 794//8 795//8
f 796//8 795//8 797//8
f 798//8 796//8 797//8
f 798//8 797//8 799//8
f 800//8 798//8 799//8
f 800//8 799//8 801//8
f 802//8 800//8 801//8
f 802//8 801//8 803//8
f 804//8 802//8 803//8
f 804//8 803//8 805//8
f 806//8 804//8 805//8
f 806//8 805//8 807//277
f 808//8 806//8 807//277
f 808//8 807//277 809//276
f 810//277 808//8 809//276
f 810//277 809//276 811//8
f 812//276 810//277 811//8
f 813//8 655//275 651//8
f 812//276 811//8 813//8
f 696//8 695//278 814//8
f 814//8 812//276 813//8
f 813//8 651//8 696//8
f 813//8 696//8 814//8
f 697//5 696//5 815//5
f 697//5 815//5 816//5
f 816//7 815//7 650//7
f 816//7 650//7 649//7
f 652//2 697//2 816//2
f 652//2 816//2 649//2
f 696//6 817//6 818//6
f 696//6 818//6 819//6
f 820//6 821//6 815//6
f 822//6 820//6 815//6
f 696//6 819//6 823//6
f 696//6 823//6 824//6
f 825//6 822//6 815//6
f 826//6 825//6 815//6
f 696//6 824//6 827//6
f 696//6 827//6 828//6
f 829//6 826//6 815//6
f 830//6 829//6 815//6
f 696//6 828//6 831//6
f 696//6 831//6 832//6
f 833//6 830//6 815//6
f 834//6 833//6 815//6
f 696//6 832//6 835//6
f 696//6 835//6 836//6
f 837//6 834//6 815//6
f 838//6 837//6 815//6
f 696//6 836//6 839//6
f 696//6 839//6 840//6
f 841//6 838//6 815//6
f 842//6 841//6 815//6
f 696//6 840//6 843//6
f 696//6 843//6 844//6
f 845//6 842//6 815//6
f 846//6 845//6 815//6
f 696//6 844//6 847//281
f 696//6 847//281 848//282
f 849//6 846//6 815//6
f 850//6 849//6 815//6
f 696//6 848//282 851//6
f 696//6 851//6 852//6
f 853//6 850//6 815//6
f 854//281 853//6 815//6
f 696//6 852//6 855//281
f 696//6 855//281 856//282
f 857//6 854//281 815//6
f 696//6 856//282 857//6
f 696//6 857//6 815//6
f 858//6 859//6 650//6
f 650//6 815//6 821//6
f 650//6 821//6 860//6
f 861//6 858//6 650//6
f 862//6 861//6 650//6
f 650//6 860//6 863//6
f 650//6 863//6 864//6
f 865//6 862//6 650//6
f 866//6 865//6 650//6
f 650//6 864//6 867//6
f 650//6 867//6 868//6
f 869//6 866//6 650//6
f 870//6 869//6 650//6
f 650//6 868//6 871//6
f 650//6 871//6 872//6
f 873//6 870//6 650//6
f 874//6 873//6 650//6
f 650//6 872//6 875//6
f 650//6 875//6 876//6
f 877//6 874//6 650//6
f 878//6 877//6 650//6
f 650//6 876//6 879//6
f 650//6 879//6 880//6
f 881//6 878//6 650//6
f 882//6 881//6 650//6
f 650//6 880//6 883//6
f 650//6 883//6 884//6
f 885//6 882//6 650//6
f 886//6 885//6 650//6
f 650//6 884//6 887//6
f 650//6 887//6 888//6
f 889//6 886//6 650//6
f 889//6 650//6 888//6
f 889//6 888//6 890//6
f 891//6 889//6 890//6
f 891//6 890//6 892//6
f 893//6 891//6 892//6
f 893//6 892//6 894//6
f 895//6 893//6 894//6
f 895//6 894//6 896//6
f 897//6 895//6 896//6
f 897//6 896//6 898//6
f 899//6 897//6 898//6
f 899//6 898//6 900//6
f 901//6 899//6 900//6
f 901//6 900//6 902//6
f 903//6 901//6 902//6
f 903//6 902//6 904//6
f 905//6 903//6 904//6
f 905//6 904//6 906//6
f 907//6 905//6 906//6
f 907//6 906//6 908//6
f 909//6 907//6 908//6
f 909//6 908//6 910//6
f 911//6 909//6 910//6
f 911//6 910//6 912//6
f 913//6 911//6 912//6
f 913//6 912//6 914//6
f 915//6 913//6 914//6
f 915//6 914//6 916//6
f 917//6 915//6 916//6
f 917//6 916//6 918//6
f 919//6 917//6 918//6
f 919//6 918//6 920//6
f 921//6 919//6 920//6
f 921//6 920//6 922//6
f 923//6 921//6 922//6
f 923//6 922//6 924//6
f 925//6 923//6 924//6
f 925//6 924//6 926//6
f 927//6 925//6 926//6
f 927//6 926//6 928//6
f 929//6 927//6 928//6
f 929//6 928//6 930//6
f 931//6 929//6 930//6
f 931//6 930//6 932//6
f 933//6 931//6 932//6
f 933//6 932//6 934//6
f 651//6 935//6 936//6
f 936//6 933//6 934//6
f 937//6 817//6 696//6
f 936//6 934//6 937//6
f 696//6 651//6 936//6
f 937//6 696//6 936//6
f 938//6 935//6 651//6
f 650//6 859//6 939//6
f 650//6 939//6 940//6
f 941//6 938//6 651//6
f 942//6 941//6 651//6
f 650//6 940//6 943//6
f 650//6 943//6 944//6
f 945//6 942//6 651//6
f 946//6 945//6 651//6
f 650//6 944//6 947//6
f 650//6 947//6 948//6
f 949//6 946//6 651//6
f 950//6 949//6 651//6
f 650//6 948//6 951//6
f 650//6 951//6 952//6
f 953//6 950//6 651//6
f 954//6 953//6 651//6
f 650//6 952//6 955//6
f 650//6 955//6 956//6
f 957//6 954//6 651//6
f 958//6 957//6 651//6
f 650//6 956//6 959//6
f 650//6 959//6 960//6
f 961//6 958//6 651//6
f 962//6 961//6 651//6
f 650//6 960//6 963//6
f 650//6 963//6 964//6
f 965//6 962//6 651//6
f 966//6 965//6 651//6
f 650//6 964//6 967//6
f 650//6 967//6 968//6
f 969//6 966//6 651//6
f 970//282 969//6 651//6
f 650//6 968//6 971//6
f 650//6 971//6 972//282
f 973//6 970//282 651//6
f 974//283 973//6 651//6
f 650//6 972//282 975//6
f 976//6 974//283 651//6
f 650//6 975//6 976//6
f 651//6 650//6 976//6
f 817//143 977//143 978//143
f 817//143 978//143 818//143
f 818//145 978//144 979//145
f 818//145 979//145 819//144
f 819//146 979//146 980//146
f 819//146 980//146 823//146
f 823//284 980//148 981//148
f 823//284 981//148 824//284
f 827//149 824//258 981//149
f 827//149 981//149 982//258
f 828//285 827//150 982//285
f 828//285 982//285 983//285
f 831//151 828//151 983//151
f 831//151 983//151 984//151
f 832//152 831//152 984//152
f 832//152 984//152 985//152
f 835//154 832//154 985//154
f 835//154 985//154 986//154
f 836//155 835//155 986//155
f 836//155 986//155 987//155
f 839//156 836//156 987//286
f 839//156 987//286 988//156
f 840//157 839//157 988//157
f 840//157 988//157 989//157
f 843//158 840//158 989//159
f 843//158 989//159 990//159
f 844//287 843//160 990//160
f 844//287 990//160 991//288
f 847//289 844//290 991//161
f 847//289 991//161 992//161
f 848//162 847//162 992//162
f 848//162 992//162 993//162
f 851//163 848//163 993//163
f 851//163 993//163 994//163
f 852//164 851//291 994//292
f 852//164 994//292 995//293
f 855//165 852//165 995//166
f 855//165 995//166 996//165
f 856//169 855//169 996//169
f 856//169 996//169 997//294
f 857//170 856//295 997//170
f 857//170 997//170 998//170
f 854//174 857//173 998//173
f 854//174 998//173 999//173
f 853//296 854//297 999//175
f 853//296 999//175 1000//298
f 850//176 853//176 1000//176
f 850//176 1000//176 1001//176
f 849//177 850//177 1001//299
f 849//177 1001//299 1002//177
f 846//178 849//178 1002//300
f 846//178 1002//300 1003//301
f 845//179 846//302 1003//303
f 845//179 1003//303 1004//302
f 842//181 845//181 1004//181
f 842//181 1004//181 1005//181
f 841//183 842//183 1005//183
f 841//183 1005//183 1006//183
f 838//304 841//184 1006//184
f 838//304 1006//184 1007//184
f 837//185 838//305 1007//185
f 837//185 1007//185 1008//185
f 834//186 837//186 1008//186
f 834//186 1008//186 1009//186
f 833//187 834//187 1009//187
f 833//187 1009//187 1010//187
f 830//189 833//189 1010//189
f 830//189 1010//189 1011//189
f 829//306 830//306 1011//190
f 829//306 1011//190 1012//190
f 826//191 829//263 1012//191
f 826//191 1012//191 1013//263
f 825//307 826//307 1013//192
f 825//307 1013//192 1014//192
f 822//193 825//193 1014//193
f 822//193 1014//193 1015//193
f 820//196 822//195 1015//196
f 820//196 1015//196 1016//195
f 821//197 820//197 1016//197
f 821//197 1016//197 1017//197
f 860//199 821//199 1017//199
f 860//199 1017//199 1018//308
f 863//201 860//200 1018//201
f 863//201 1018//201 1019//200
f 864//202 863//202 1019//202
f 864//202 1019//202 1020//202
f 867//204 864//204 1020//204
f 867//204 1020//204 1021//204
f 867//205 1021//206 1022//205
f 867//205 1022//205 868//206
f 868//207 1022//207 1023//207
f 868//207 1023//207 871//207
f 871//208 1023//208 1024//208
f 871//208 1024//208 872//208
f 872//210 1024//210 1025//210
f 872//210 1025//210 875//210
f 875//211 1025//211 1026//211
f 875//211 1026//211 876//211
f 876//212 1026//309 1027//310
f 876//212 1027//310 879//311
f 879//312 1027//213 1028//213
f 879//312 1028//213 880//213
f 880//214 1028//313 1029//214
f 880//214 1029//214 883//214
f 883//215 1029//314 1030//314
f 883//215 1030//314 884//265
f 884//216 1030//216 1031//315
f 884//216 1031//315 887//315
f 887//217 1031//316 1032//217
f 887//217 1032//217 888//217
f 888//218 1032//218 1033//317
f 888//218 1033//317 890//218
f 890//220 1033//220 1034//220
f 890//220 1034//220 892//220
f 892//221 1034//318 1035//319
f 892//221 1035//319 894//319
f 894//267 1035//266 1036//266
f 894//267 1036//266 896//266
f 896//224 1036//224 1037//224
f 896//224 1037//224 898//320
f 898//227 1037//321 1038//227
f 898//227 1038//227 900//227
f 900//268 1038//268 1039//269
f 900//268 1039//269 902//268
f 902//322 1039//322 1040//230
f 902//322 1040//230 904//323
f 904//232 1040//231 1041//231
f 904//232 1041//231 906//232
f 906//233 1041//233 1042//233
f 906//233 1042//233 908//233
f 908//324 1042//234 1043//234
f 908//324 1043//234 910//325
f 910//326 1043//327 1044//235
f 910//326 1044//235 912//235
f 912//236 1044//271 1045//236
f 912//236 1045//236 914//236
f 914//237 1045//237 1046//237
f 914//237 1046//237 916//237
f 916//238 1046//238 1047//328
f 916//238 1047//328 918//238
f 918//329 1047//239 1048//239
f 918//329 1048//239 920//329
f 920//240 1048//240 1049//240
f 920//240 1049//240 922//240
f 922//242 1049//242 1050//242
f 922//242 1050//242 924//242
f 924//243 1050//243 1051//243
f 924//243 1051//243 926//243
f 926//244 1051//244 1052//244
f 926//244 1052//244 928//244
f 928//245 1052//246 1053//245
f 928//245 1053//245 930//246
f 930//247 1053//247 1054//247
f 930//247 1054//247 932//247
f 932//248 1054//248 1055//248
f 932//248 1055//248 934//248
f 934//256 1055//255 1056//256
f 934//256 1056//256 937//255
f 1056//257 977//257 817//257
f 1056//257 817//257 937//257
f 1018//6 1017//6 1016//6
f 1016//6 1015//6 1014//6
f 1014//6 1013//282 1012//6
f 1012//6 1011//281 1010//6
f 1010//6 1009//6 1008//281
f 1008//281 1007//6 1006//6
f 1006//6 1005//6 1004//281
f 1004//281 1003//283 1002//6
f 1002//6 1001//6 1000//6
f 1000//6 999//330 998//6
f 998//6 997//6 996//282
f 996//282 995//331 994//6
f 994//6 993//6 992//282
f 992//282 991//283 990//6
f 990//6 989//331 988//282
f 988//282 987//331 986//6
f 986//6 985//282 984//6
f 984//6 983//282 982//6
f 982//6 981//6 980//6
f 980//6 979//6 978//6
f 978//6 977//6 1056//6
f 1056//6 1055//6 1054//6
f 1054//6 1053//6 1052//6
f 1052//6 1051//281 1050//6
f 1050//6 1049//281 1048//6
f 1048//6 1047//332 1046//6
f 1046//6 1045//332 1044//281
f 1044//281 1043//333 1042//6
f 1042//6 1041//6 1040//282
f 1040//282 1039//332 1038//6
f 1038//6 1037//6 1036//281
f 1036//281 1035//334 1034//6
f 1034//6 1033//6 1032//282
f 1032//282 1031//333 1030//6
f 1030//6 1029//6 1028//282
f 1028//282 1027//6 1026//6
f 1026//6 1025//6 1024//6
f 1024//6 1023//282 1022//6
f 1022//6 1021//281 1020//6
f 1020//6 1019//6 1018//6
f 1018//6 1016//6 1014//6
f 1014//6 1012//6 1010//6
f 1010//6 1008//281 1006//6
f 1006//6 1004//281 1002//6
f 1002//6 1000//6 998//6
f 998//6 996//282 994//6
f 994//6 992//282 990//6
f 990//6 988//282 986//6
f 986//6 984//6 982//6
f 982//6 980//6 978//6
f 978//6 1056//6 1054//6
f 1054//6 1052//6 1050//6
f 1050//6 1048//6 1046//6
f 1046//6 1044//281 1042//6
f 1042//6 1040//282 1038//6
f 1038//6 1036//281 1034//6
f 1034//6 1032//282 1030//6
f 1030//6 1028//282 1026//6
f 1026//6 1024//6 1022//6
f 1022//6 1020//6 1018//6
f 1018//6 1014//6 1010//6
f 1010//6 1006//6 1002//6
f 1002//6 998//6 994//6
f 994//6 990//6 986//6
f 986//6 982//6 978//6
f 978//6 1054//6 1050//6
f 1050//6 1046//6 1042//6
f 1042//6 1038//6 1034//6
f 1034//6 1030//6 1026//6
f 1026//6 1022//6 1018//6
f 1018//6 1010//6 1002//6
f 1002//6 994//6 986//6
f 986//6 978//6 1050//6
f 1050//6 1042//6 1034//6
f 1034//6 1026//6 1018//6
f 1018//6 1002//6 986//6
f 986//6 1050//6 1034//6
f 986//6 1034//6 1018//6
f 935//143 1057//143 1058//143
f 935//143 1058//143 936//143
f 936//145 1058//144 1059//145
f 936//145 1059//145 933//144
f 933//146 1059//146 1060//146
f 933//146 1060//146 931//146
f 931//284 1060//148 1061//148
f 931//284 1061//148 929//284
f 927//149 929//258 1061//149
f 927//149 1061//149 1062//258
f 925//150 927//150 1062//150
f 925//150 1062//150 1063//150
f 923//151 925//151 1063//151
f 923//151 1063//151 1064//151
f 921//152 923//152 1064//152
f 921//152 1064//152 1065//152
f 919//154 921//154 1065//154
f 919//154 1065//154 1066//154
f 917//335 919//335 1066//155
f 917//335 1066//155 1067//155
f 915//156 917//156 1067//286
f 915//156 1067//286 1068//156
f 913//157 915//157 1068//157
f 913//157 1068//157 1069//157
f 911//158 913//158 1069//158
f 911//158 1069//158 1070//159
f 909//287 911//160 1070//160
f 909//287 1070//160 1071//288
f 907//289 909//290 1071//161
f 907//289 1071//161 1072//161
f 905//162 907//162 1072//162
f 905//162 1072//162 1073//162
f 903//163 905//163 1073//259
f 903//163 1073//259 1074//259
f 901//292 903//291 1074//164
f 901//292 1074//164 1075//292
f 899//165 901//165 1075//166
f 899//165 1075//166 1076//165
f 897//169 899//169 1076//169
f 897//169 1076//169 1077//294
f 895//170 897//295 1077//170
f 895//170 1077//170 1078//170
f 893//174 895//173 1078//173
f 893//174 1078//173 1079//173
f 891//175 893//296 1079//296
f 891//175 1079//296 1080//298
f 889//176 891//176 1080//176
f 889//176 1080//176 1081//176
f 886//177 889//177 1081//299
f 886//177 1081//299 1082//177
f 885//178 886//178 1082//178
f 885//178 1082//178 1083//300
f 882//179 885//302 1083//302
f 882//179 1083//302 1084//179
f 881//182 882//181 1084//336
f 881//182 1084//336 1085//336
f 878//183 881//183 1085//183
f 878//183 1085//183 1086//337
f 877//304 878//184 1086//184
f 877//304 1086//184 1087//184
f 874//185 877//305 1087//338
f 874//185 1087//338 1088//339
f 873//186 874//186 1088//186
f 873//186 1088//186 1089//186
f 870//187 873//187 1089//187
f 870//187 1089//187 1090//187
f 869//189 870//189 1090//189
f 869//189 1090//189 1091//189
f 866//190 869//190 1091//190
f 866//190 1091//190 1092//190
f 865//191 866//263 1092//191
f 865//191 1092//191 1093//263
f 862//307 865//307 1093//192
f 862//307 1093//192 1094//192
f 861//193 862//193 1094//193
f 861//193 1094//193 1095//193
f 858//196 861//195 1095//196
f 858//196 1095//196 1096//195
f 859//197 858//197 1096//197
f 859//197 1096//197 1097//197
f 939//199 859//199 1097//199
f 939//199 1097//199 1098//308
f 940//201 939//200 1098//201
f 940//201 1098//201 1099//200
f 943//202 940//202 1099//202
f 943//202 1099//202 1100//202
f 944//204 943//204 1100//204
f 944//204 1100//204 1101//204
f 944//205 1101//206 1102//205
f 944//205 1102//205 947//206
f 947//340 1102//207 1103//207
f 947//340 1103//207 948//340
f 948//208 1103//208 1104//208
f 948//208 1104//208 951//208
f 951//210 1104//210 1105//210
f 951//210 1105//210 952//210
f 952//211 1105//211 1106//211
f 952//211 1106//211 955//211
f 955//212 1106//212 1107//212
f 955//212 1107//212 956//311
f 956//312 1107//213 1108//213
f 956//312 1108//213 959//213
f 959//214 1108//214 1109//214
f 959//214 1109//214 960//214
f 960//265 1109//265 1110//265
f 960//265 1110//265 963//265
f 963//216 1110//315 1111//341
f 963//216 1111//341 964//315
f 964//217 1111//342 1112//316
f 964//217 1112//316 967//217
f 967//218 1112//218 1113//317
f 967//218 1113//317 968//218
f 968//220 1113//220 1114//220
f 968//220 1114//220 971//220
f 971//319 1114//318 1115//221
f 971//319 1115//221 972//343
f 972//267 1115//266 1116//266
f 972//267 1116//266 975//266
f 975//224 1116//224 1117//224
f 975//224 1117//224 976//320
f 976//227 1117//321 1118//227
f 976//227 1118//227 974//227
f 974//268 1118//268 1119//269
f 974//268 1119//269 973//268
f 973//230 1119//344 1120//322
f 973//230 1120//322 970//323
f 970//232 1120//232 1121//232
f 970//232 1121//232 969//232
f 969//233 1121//233 1122//233
f 969//233 1122//233 966//233
f 966//324 1122//234 1123//234
f 966//324 1123//234 965//325
f 965//326 1123//327 1124//235
f 965//326 1124//235 962//235
f 962//236 1124//271 1125//271
f 962//236 1125//271 961//236
f 961//237 1125//237 1126//237
f 961//237 1126//237 958//237
f 958//238 1126//238 1127//328
f 958//238 1127//328 957//238
f 957//239 1127//239 1128//239
f 957//239 1128//239 954//239
f 954//240 1128//240 1129//240
f 954//240 1129//240 953//240
f 953//242 1129//242 1130//242
f 953//242 1130//242 950//242
f 950//243 1130//243 1131//243
f 950//243 1131//243 949//243
f 949//345 1131//345 1132//345
f 949//345 1132//345 946//244
f 946//245 1132//246 1133//245
f 946//245 1133//245 945//246
f 945//247 1133//247 1134//247
f 945//247 1134//247 942//247
f 942//248 1134//248 1135//248
f 942//248 1135//248 941//248
f 941//256 1135//255 1136//256
f 941//256 1136//256 938//255
f 1136//257 1057//257 935//257
f 1136//257 935//257 938//257
f 1099//6 1098//6 1097//6
f 1097//6 1096//6 1095//6
f 1095//6 1094//6 1093//6
f 1093//6 1092//281 1091//6
f 1091//6 1090//281 1089//6
f 1089//6 1088//333 1087//6
f 1087//6 1086//6 1085//282
f 1085//282 1084//6 1083//6
f 1083//6 1082//332 1081//281
f 1081//281 1080//331 1079//6
f 1079//6 1078//332 1077//6
f 1077//6 1076//332 1075//6
f 1075//6 1074//331 1073//282
f 1073//282 1072//332 1071//6
f 1071//6 1070//6 1069//6
f 1069//6 1068//6 1067//6
f 1067//6 1066//6 1065//6
f 1065//6 1064//281 1063//6
f 1063//6 1062//282 1061//6
f 1061//6 1060//6 1059//6
f 1059//6 1058//6 1057//6
f 1057//6 1136//6 1135//6
f 1135//6 1134//6 1133//6
f 1133//6 1132//281 1131//6
f 1131//6 1130//282 1129//6
f 1129//6 1128//6 1127//6
f 1127//6 1126//6 1125//6
f 1125//6 1124//6 1123//6
f 1123//6 1122//331 1121//281
f 1121//281 1120//332 1119//6
f 1119//6 1118//331 1117//6
f 1117//6 1116//331 1115//6
f 1115//6 1114//332 1113//282
f 1113//282 1112//331 1111//6
f 1111//6 1110//6 1109//281
f 1109//281 1108//6 1107//6
f 1107//6 1106//283 1105//6
f 1105//6 1104//282 1103//6
f 1103//6 1102//282 1101//6
f 1101//6 1100//6 1099//6
f 1099//6 1097//6 1095//6
f 1095//6 1093//6 1091//6
f 1091//6 1089//6 1087//6
f 1087//6 1085//282 1083//6
f 1083//6 1081//281 1079//6
f 1079//6 1077//6 1075//6
f 1075//6 1073//282 1071//6
f 1071//6 1069//6 1067//6
f 1067//6 1065//6 1063//6
f 1063//6 1061//6 1059//6
f 1059//6 1057//6 1135//6
f 1135//6 1133//6 1131//6
f 1131//6 1129//6 1127//6
f 1127//6 1125//6 1123//6
f 1123//6 1121//281 1119//6
f 1119//6 1117//6 1115//6
f 1115//6 1113//282 1111//6
f 1111//6 1109//281 1107//6
f 1107//6 1105//6 1103//6
f 1103//6 1101//6 1099//6
f 1099//6 1095//6 1091//6
f 1091//6 1087//6 1083//6
f 1083//6 1079//6 1075//6
f 1075//6 1071//6 1067//6
f 1067//6 1063//6 1059//6
f 1059//6 1135//6 1131//6
f 1131//6 1127//6 1123//6
f 1123//6 1119//6 1115//6
f 1115//6 1111//6 1107//6
f 1107//6 1103//6 1099//6
f 1099//6 1091//6 1083//6
f 1083//6 1075//6 1067//6
f 1067//6 1059//6 1131//6
f 1131//6 1123//6 1115//6
f 1115//6 1107//6 1099//6
f 1099//6 1083//6 1067//6
f 1067//6 1131//6 1115//6
f 1067//6 1115//6 1099//6
f 1137//346 1138//70 655//70
f 1137//346 655//70 813//70
f 1139//69 1137//347 813//69
f 1139//69 813//69 811//69
f 1140//67 1139//67 811//67
f 1140//67 811//67 809//348
f 1141//66 1140//66 809//66
f 1141//66 809//66 807//66
f 1142//65 1141//65 807//64
f 1142//65 807//64 805//64
f 1143//63 1142//63 805//63
f 1143//63 805//63 803//63
f 1144//61 1143//61 803//61
f 1144//61 803//61 801//61
f 1145//60 1144//60 801//60
f 1145//60 801//60 799//349
f 1146//59 1145//59 799//59
f 1146//59 799//59 797//59
f 1147//58 1146//58 797//58
f 1147//58 797//58 795//58
f 1148//57 1147//57 795//57
f 1148//57 795//57 793//57
f 1149//56 1148//56 793//56
f 1149//56 793//56 791//56
f 1150//55 1149//55 791//54
f 1150//55 791//54 789//54
f 1151//350 1150//51 789//51
f 1151//350 789//51 787//53
f 1152//49 1151//49 787//49
f 1152//49 787//49 785//49
f 1153//48 1152//47 785//47
f 1153//48 785//47 783//47
f 1154//46 1153//46 783//46
f 1154//46 783//46 781//46
f 1155//43 1154//43 781//44
f 1155//43 781//44 779//43
f 1156//41 1155//351 779//352
f 1156//41 779//352 777//352
f 1157//353 1156//353 777//39
f 1157//353 777//39 775//39
f 1158//37 1157//37 775//354
f 1158//37 775//354 773//354
f 1159//355 1158//355 773//35
f 1159//355 773//35 771//356
f 1160//32 1159//32 771//32
f 1160//32 771//32 769//32
f 1161//31 1160//31 769//31
f 1161//31 769//31 767//31
f 1162//30 1161//30 767//29
f 1162//30 767//29 765//30
f 1163//27 1162//27 765//27
f 1163//27 765//27 763//27
f 1164//357 1163//25 763//25
f 1164//357 763//25 761//25
f 1165//24 1164//24 761//135
f 1165//24 761//135 759//135
f 1166//23 1165//23 759//23
f 1166//23 759//23 757//358
f 1167//22 1166//22 757//22
f 1167//22 757//22 755//22
f 1168//21 1167//21 755//21
f 1168//21 755//21 753//21
f 1169//20 1168//20 753//20
f 1169//20 753//20 751//20
f 1170//19 1169//359 751//19
f 1170//19 751//19 749//19
f 1171//18 1170//18 749//18
f 1171//18 749//18 747//18
f 1172//17 1171//17 747//17
f 1172//17 747//17 745//17
f 1173//14 1172//14 745//15
f 1173//14 745//15 743//15
f 1174//13 1173//13 743//13
f 1174//13 743//13 741//13
f 1175//12 1174//360 741//12
f 1175//12 741//12 739//12
f 1176//11 1175//11 739//11
f 1176//11 739//11 738//361
f 654//9 1177//9 1176//362
f 654//9 1176//362 738//9
f 653//133 1178//133 1177//133
f 653//133 1177//133 654//133
f 1179//132 1178//132 653//132
f 1179//132 653//132 658//363
f 1180//130 1179//130 658//130
f 1180//130 658//130 659//364
f 1181//129 1180//129 659//129
f 1181//129 659//129 662//129
f 1182//127 1181//128 662//127
f 1182//127 662//127 663//127
f 1183//126 1182//126 663//126
f 1183//126 663//126 666//126
f 1184//125 1183//125 666//125
f 1184//125 666//125 667//125
f 1185//365 1184//124 667//365
f 1185//365 667//365 670//365
f 1186//123 1185//123 670//123
f 1186//123 670//123 671//123
f 1187//122 1186//122 671//122
f 1187//122 671//122 674//122
f 1188//120 1187//366 674//120
f 1188//120 674//120 675//120
f 1189//119 1188//119 675//119
f 1189//119 675//119 678//119
f 1190//117 1189//117 678//117
f 1190//117 678//117 679//117
f 1191//115 1190//115 679//115
f 1191//115 679//115 682//115
f 1192//113 1191//113 682//113
f 1192//113 682//113 685//113
f 1193//112 1192//112 685//111
f 1193//112 685//111 686//112
f 1194//110 1193//110 686//110
f 1194//110 686//110 689//110
f 1195//140 1194//140 689//109
f 1195//140 689//109 690//109
f 1196//107 1195//367 690//107
f 1196//107 690//107 693//367
f 1197//104 1196//104 693//368
f 1197//104 693//368 692//368
f 1198//369 1197//369 692//102
f 1198//369 692//102 691//102
f 1199//101 1198//370 691//101
f 1199//101 691//101 688//370
f 1200//99 1199//99 688//139
f 1200//99 688//139 687//139
f 1201//97 1200//97 687//97
f 1201//97 687//97 684//97
f 1202//96 1201//95 684//95
f 1202//96 684//95 683//95
f 1203//93 1202//93 683//93
f 1203//93 683//93 681//93
f 1204//90 1203//90 681//90
f 1204//90 681//90 680//90
f 1205//88 1204//88 680//89
f 1205//88 680//89 677//89
f 1206//87 1205//87 677//87
f 1206//87 677//87 676//87
f 1207//86 1206//86 676//86
f 1207//86 676//86 673//371
f 1208//85 1207//85 673//85
f 1208//85 673//85 672//85
f 1209//82 1208//82 672//82
f 1209//82 672//82 669//82
f 1210//372 1209//372 669//81
f 1210//372 669//81 668//372
f 1211//80 1210//80 668//80
f 1211//80 668//80 665//80
f 1212//79 1211//79 665//79
f 1212//79 665//79 664//79
f 1213//77 1212//78 664//77
f 1213//77 664//77 661//78
f 1214//76 1213//76 661//76
f 1214//76 661//76 660//76
f 1215//75 1214//373 660//75
f 1215//75 660//75 657//75
f 1215//8 1216//374 1138//8
f 1138//8 1137//374 1139//8
f 1139//8 1140//8 1141//276
f 1141//276 1142//374 1143//8
f 1143//8 1144//374 1145//276
f 1145//276 1146//276 1147//8
f 1147//8 1148//8 1149//8
f 1149//8 1150//277 1151//8
f 1151//8 1152//375 1153//8
f 1153//8 1154//376 1155//8
f 1155//8 1156//377 1157//8
f 1157//8 1158//8 1159//8
f 1159//8 1160//378 1161//8
f 1161//8 1162//379 1163//8
f 1163//8 1164//276 1165//8
f 1165//8 1166//8 1167//8
f 1167//8 1168//277 1169//277
f 1169//277 1170//380 1171//8
f 1171//8 1172//380 1173//277
f 1173//277 1174//8 1175//8
f 1175//8 1176//380 1177//8
f 1177//8 1178//380 1179//8
f 1179//8 1180//8 1181//277
f 1181//277 1182//380 1183//8
f 1183//8 1184//374 1185//8
f 1185//8 1186//8 1187//8
f 1187//8 1188//277 1189//8
f 1189//8 1190//8 1191//8
f 1191//8 1192//381 1193//8
f 1193//8 1194//277 1195//8
f 1195//8 1196//382 1197//8
f 1197//8 1198//8 1199//8
f 1199//8 1200//382 1201//8
f 1201//8 1202//376 1203//8
f 1203//8 1204//8 1205//8
f 1205//8 1206//276 1207//8
f 1207//8 1208//8 1209//276
f 1209//276 1210//380 1211//8
f 1211//8 1212//374 1213//276
f 1213//276 1214//8 1215//8
f 1215//8 1138//8 1139//8
f 1139//8 1141//276 1143//8
f 1143//8 1145//276 1147//8
f 1147//8 1149//8 1151//8
f 1151//8 1153//8 1155//8
f 1155//8 1157//8 1159//8
f 1159//8 1161//8 1163//8
f 1163//8 1165//8 1167//8
f 1167//8 1169//277 1171//8
f 1171//8 1173//277 1175//8
f 1175//8 1177//8 1179//8
f 1179//8 1181//277 1183//8
f 1183//8 1185//8 1187//8
f 1187//8 1189//8 1191//8
f 1191//8 1193//8 1195//8
f 1195//8 1197//8 1199//8
f 1199//8 1201//8 1203//8
f 1203//8 1205//8 1207//8
f 1207//8 1209//276 1211//8
f 1211//8 1213//276 1215//8
f 1215//8 1139//8 1143//8
f 1143//8 1147//8 1151//8
f 1151//8 1155//8 1159//8
f 1159//8 1163//8 1167//8
f 1167//8 1171//8 1175//8
f 1175//8 1179//8 1183//8
f 1183//8 1187//8 1191//8
f 1191//8 1195//8 1199//8
f 1199//8 1203//8 1207//8
f 1207//8 1211//8 1215//8
f 1215//8 1143//8 1151//8
f 1151//8 1159//8 1167//8
f 1167//8 1175//8 1183//8
f 1183//8 1191//8 1199//8
f 1199//8 1207//8 1215//8
f 1215//8 1151//8 1167//8
f 1167//8 1183//8 1199//8
f 1167//8 1199//8 1215//8
f 1216//74 1215//383 657//74
f 1216//74 657//74 656//74
f 1138//71 1216//71 656//71
f 1138//71 656//71 655//71
f 1217//70 1218//70 695//70
f 1217//70 695//70 694//70
f 1219//69 1217//69 694//69
f 1219//69 694//69 701//347
f 1220//67 1219//67 701//67
f 1220//67 701//67 702//348
f 1221//66 1220//66 702//66
f 1221//66 702//66 705//66
f 1222//64 1221//65 705//64
f 1222//64 705//64 706//65
f 1223//63 1222//63 706//63
f 1223//63 706//63 709//63
f 1224//61 1223//61 709//61
f 1224//61 709//61 710//61
f 1225//384 1224//60 710//384
f 1225//384 710//384 713//384
f 1226//59 1225//59 713//59
f 1226//59 713//59 714//59
f 1227//58 1226//58 714//58
f 1227//58 714//58 717//58
f 1228//57 1227//385 717//57
f 1228//57 717//57 718//57
f 1229//56 1228//56 718//56
f 1229//56 718//56 721//56
f 1230//55 1229//55 721//54
f 1230//55 721//54 722//54
f 1231//51 1230//51 722//51
f 1231//51 722//51 725//51
f 1232//49 1231//49 725//49
f 1232//49 725//49 728//49
f 1233//47 1232//47 728//48
f 1233//47 728//48 729//47
f 1234//46 1233//46 729//46
f 1234//46 729//46 732//46
f 1235//43 1234//43 732//45
f 1235//43 732//45 733//45
f 1236//42 1235//352 733//42
f 1236//42 733//42 736//352
f 1237//39 1236//39 736//353
f 1237//39 736//353 735//353
f 1238//354 1237//354 735//37
f 1238//354 735//37 734//37
f 1239//36 1238//355 734//36
f 1239//36 734//36 731//355
f 1240//33 1239//33 731//32
f 1240//33 731//32 730//32
f 1241//31 1240//31 730//31
f 1241//31 730//31 727//31
f 1242//29 1241//30 727//30
f 1242//29 727//30 726//30
f 1243//27 1242//27 726//27
f 1243//27 726//27 724//27
f 1244//25 1243//25 724//25
f 1244//25 724//25 723//25
f 1245//24 1244//24 723//24
f 1245//24 723//24 720//24
f 1246//23 1245//23 720//23
f 1246//23 720//23 719//23
f 1247//22 1246//22 719//22
f 1247//22 719//22 716//386
f 1248//21 1247//21 716//21
f 1248//21 716//21 715//21
f 1249//20 1248//20 715//20
f 1249//20 715//20 712//20
f 1250//359 1249//359 712//19
f 1250//359 712//19 711//359
f 1251//18 1250//18 711//18
f 1251//18 711//18 708//18
f 1252//17 1251//17 708//17
f 1252//17 708//17 707//17
f 1253//14 1252//14 707//14
f 1253//14 707//14 704//15
f 1254//13 1253//13 704//13
f 1254//13 704//13 703//13
f 1255//12 1254//360 703//12
f 1255//12 703//12 700//12
f 1256//11 1255//361 700//11
f 1256//11 700//11 699//11
f 698//9 1257//9 1256//9
f 698//9 1256//9 699//9
f 737//387 1258//133 1257//133
f 737//387 1257//133 698//133
f 1259//132 1258//363 737//132
f 1259//132 737//132 740//132
f 1260//130 1259//130 740//130
f 1260//130 740//130 742//364
f 1261//129 1260//129 742//129
f 1261//129 742//129 744//129
f 1262//128 1261//128 744//127
f 1262//128 744//127 746//127
f 1263//126 1262//126 746//126
f 1263//126 746//126 748//126
f 1264//125 1263//125 748//125
f 1264//125 748//125 750//125
f 1265//124 1264//124 750//124
f 1265//124 750//124 752//388
f 1266//123 1265//123 752//123
f 1266//123 752//123 754//123
f 1267//122 1266//122 754//122
f 1267//122 754//122 756//122
f 1268//120 1267//120 756//120
f 1268//120 756//120 758//120
f 1269//119 1268//389 758//119
f 1269//119 758//119 760//119
f 1270//118 1269//118 760//117
f 1270//118 760//117 762//117
f 1271//390 1270//115 762//115
f 1271//390 762//115 764//391
f 1272//113 1271//113 764//113
f 1272//113 764//113 766//113
f 1273//111 1272//112 766//112
f 1273//111 766//112 768//112
f 1274//110 1273//110 768//110
f 1274//110 768//110 770//110
f 1275//140 1274//140 770//140
f 1275//140 770//140 772//140
f 1276//106 1275//392 772//367
f 1276//106 772//367 774//367
f 1277//368 1276//368 774//104
f 1277//368 774//104 776//104
f 1278//102 1277//102 776//369
f 1278//102 776//369 778//369
f 1279//370 1278//370 778//100
f 1279//370 778//100 780//393
f 1280//98 1279//98 780//139
f 1280//98 780//139 782//139
f 1281//97 1280//97 782//97
f 1281//97 782//97 784//97
f 1282//95 1281//95 784//96
f 1282//95 784//96 786//95
f 1283//93 1282//93 786//93
f 1283//93 786//93 788//93
f 1284//91 1283//90 788//90
f 1284//91 788//90 790//90
f 1285//88 1284//88 790//89
f 1285//88 790//89 792//89
f 1286//87 1285//87 792//87
f 1286//87 792//87 794//87
f 1287//86 1286//86 794//86
f 1287//86 794//86 796//86
f 1288//85 1287//85 796//85
f 1288//85 796//85 798//85
f 1289//82 1288//82 798//82
f 1289//82 798//82 800//82
f 1290//81 1289//372 800//81
f 1290//81 800//81 802//81
f 1291//80 1290//80 802//80
f 1291//80 802//80 804//80
f 1292//79 1291//79 804//79
f 1292//79 804//79 806//79
f 1293//77 1292//77 806//78
f 1293//77 806//78 808//78
f 1294//76 1293//76 808//76
f 1294//76 808//76 810//76
f 1295//75 1294//373 810//75
f 1295//75 810//75 812//75
f 1296//8 1218//8 1217//277
f 1217//277 1219//380 1220//8
f 1220//8 1221//8 1222//276
f 1222//276 1223//394 1224//8
f 1224//8 1225//380 1226//8
f 1226//8 1227//8 1228//8
f 1228//8 1229//277 1230//8
f 1230//8 1231//276 1232//8
f 1232//8 1233//8 1234//8
f 1234//8 1235//395 1236//8
f 1236//8 1237//8 1238//8
f 1238//8 1239//395 1240//8
f 1240//8 1241//8 1242//8
f 1242//8 1243//277 1244//8
f 1244//8 1245//276 1246//8
f 1246//8 1247//8 1248//8
f 1248//8 1249//374 1250//8
f 1250//8 1251//396 1252//8
f 1252//8 1253//8 1254//276
f 1254//276 1255//374 1256//8
f 1256//8 1257//8 1258//276
f 1258//276 1259//374 1260//8
f 1260//8 1261//8 1262//277
f 1262//277 1263//396 1264//8
f 1264//8 1265//277 1266//8
f 1266//8 1267//8 1268//8
f 1268//8 1269//276 1270//8
f 1270//8 1271//277 1272//8
f 1272//8 1273//8 1274//8
f 1274//8 1275//397 1276//8
f 1276//8 1277//8 1278//8
f 1278//8 1279//397 1280//8
f 1280//8 1281//8 1282//8
f 1282//8 1283//276 1284//8
f 1284//8 1285//277 1286//8
f 1286//8 1287//8 1288//8
f 1288//8 1289//380 1290//8
f 1290//8 1291//394 1292//8
f 1292//8 1293//8 1294//277
f 1294//277 1295//380 1296//8
f 1296//8 1217//277 1220//8
f 1220//8 1222//276 1224//8
f 1224//8 1226//8 1228//8
f 1228//8 1230//8 1232//8
f 1232//8 1234//8 1236//8
f 1236//8 1238//8 1240//8
f 1240//8 1242//8 1244//8
f 1244//8 1246//8 1248//8
f 1248//8 1250//8 1252//8
f 1252//8 1254//276 1256//8
f 1256//8 1258//276 1260//8
f 1260//8 1262//277 1264//8
f 1264//8 1266//8 1268//8
f 1268//8 1270//8 1272//8
f 1272//8 1274//8 1276//8
f 1276//8 1278//8 1280//8
f 1280//8 1282//8 1284//8
f 1284//8 1286//8 1288//8
f 1288//8 1290//8 1292//8
f 1292//8 1294//277 1296//8
f 1296//8 1220//8 1224//8
f 1224//8 1228//8 1232//8
f 1232//8 1236//8 1240//8
f 1240//8 1244//8 1248//8
f 1248//8 1252//8 1256//8
f 1256//8 1260//8 1264//8
f 1264//8 1268//8 1272//8
f 1272//8 1276//8 1280//8
f 1280//8 1284//8 1288//8
f 1288//8 1292//8 1296//8
f 1296//8 1224//8 1232//8
f 1232//8 1240//8 1248//8
f 1248//8 1256//8 1264//8
f 1264//8 1272//8 1280//8
f 1280//8 1288//8 1296//8
f 1296//8 1232//8 1248//8
f 1248//8 1264//8 1280//8
f 1248//8 1280//8 1296//8
f 1296//74 1295//74 812//74
f 1296//74 812//74 814//383
f 1218//71 1296//71 814//398
f 1218//71 814//398 695//71
