# Blender 4.5.5 LTS
# www.blender.org
mtllib buttshape.mtl
o 铁腚2
v 0.075000 -0.003000 -0.050000
v 0.075000 0.003000 -0.050000
v 0.075000 0.003000 -0.000000
v 0.075000 -0.003000 -0.000000
v 0.070212 -0.002692 -0.000000
v 0.070000 -0.002700 -0.000000
v 0.070000 0.002700 -0.000000
v 0.070212 0.002692 -0.000000
v 0.070422 0.002667 -0.000000
v 0.070422 -0.002667 -0.000000
v 0.070630 -0.002625 -0.000000
v 0.070630 0.002625 -0.000000
v 0.070834 0.002568 -0.000000
v 0.070834 -0.002568 -0.000000
v 0.071033 -0.002494 -0.000000
v 0.071033 0.002494 -0.000000
v 0.071226 0.002406 -0.000000
v 0.071226 -0.002406 -0.000000
v 0.071411 -0.002302 -0.000000
v 0.071411 0.002302 -0.000000
v 0.071587 0.002184 -0.000000
v 0.071587 -0.002184 -0.000000
v 0.071754 -0.002053 -0.000000
v 0.071754 0.002053 -0.000000
v 0.071909 0.001909 -0.000000
v 0.071909 -0.001909 -0.000000
v 0.072053 -0.001754 -0.000000
v 0.072053 0.001754 -0.000000
v 0.072184 0.001587 -0.000000
v 0.072184 -0.001587 -0.000000
v 0.072302 -0.001411 -0.000000
v 0.072302 0.001411 -0.000000
v 0.072406 0.001226 -0.000000
v 0.072406 -0.001226 -0.000000
v 0.072494 0.001033 -0.000000
v 0.072568 0.000834 -0.000000
v 0.072494 -0.001033 -0.000000
v 0.072568 -0.000834 -0.000000
v 0.072625 0.000630 -0.000000
v 0.072667 0.000422 -0.000000
v 0.072625 -0.000630 -0.000000
v 0.072667 -0.000422 -0.000000
v 0.072692 0.000212 -0.000000
v 0.072700 -0.000000 -0.000000
v 0.072692 -0.000212 -0.000000
v -0.070212 0.002692 0.000000
v -0.070000 0.002700 0.000000
v -0.075000 0.003000 0.000000
v -0.075000 -0.003000 0.000000
v -0.070000 -0.002700 0.000000
v -0.070212 -0.002692 0.000000
v -0.070422 -0.002667 0.000000
v -0.070422 0.002667 0.000000
v -0.070630 0.002625 0.000000
v -0.070630 -0.002625 0.000000
v -0.070834 -0.002568 0.000000
v -0.070834 0.002568 0.000000
v -0.071033 0.002494 0.000000
v -0.071033 -0.002494 0.000000
v -0.071226 -0.002406 0.000000
v -0.071226 0.002406 0.000000
v -0.071411 0.002302 0.000000
v -0.071411 -0.002302 0.000000
v -0.071587 -0.002184 0.000000
v -0.071587 0.002184 0.000000
v -0.071754 0.002053 0.000000
v -0.071754 -0.002053 0.000000
v -0.071909 -0.001909 0.000000
v -0.071909 0.001909 0.000000
v -0.072053 0.001754 0.000000
v -0.072053 -0.001754 0.000000
v -0.072184 -0.001587 0.000000
v -0.072184 0.001587 0.000000
v -0.072302 0.001411 0.000000
v -0.072302 -0.001411 0.000000
v -0.072406 -0.001226 0.000000
v -0.072406 0.001226 0.000000
v -0.072494 -0.001033 0.000000
v -0.072568 -0.000834 0.000000
v -0.072494 0.001033 0.000000
v -0.072568 0.000834 0.000000
v -0.072625 -0.000630 0.000000
v -0.072667 -0.000422 0.000000
v -0.072625 0.000630 0.000000
v -0.072667 0.000422 0.000000
v -0.072692 -0.000212 0.000000
v -0.072700 -0.000000 0.000000
v -0.072692 0.000212 0.000000
v -0.069788 -0.002692 0.000000
v 0.069788 -0.002692 -0.000000
v 0.069578 -0.002667 -0.000000
v -0.069578 -0.002667 0.000000
v 0.069370 -0.002625 -0.000000
v -0.069370 -0.002625 0.000000
v 0.069166 -0.002568 -0.000000
v -0.069166 -0.002568 0.000000
v 0.068967 -0.002494 -0.000000
v -0.068967 -0.002494 0.000000
v 0.068774 -0.002406 -0.000000
v -0.068774 -0.002406 0.000000
v 0.068589 -0.002302 -0.000000
v -0.068589 -0.002302 0.000000
v 0.068413 -0.002184 -0.000000
v -0.068413 -0.002184 0.000000
v 0.068246 -0.002053 -0.000000
v -0.068246 -0.002053 0.000000
v 0.068091 -0.001909 -0.000000
v -0.068091 -0.001909 0.000000
v 0.067947 -0.001754 -0.000000
v -0.067947 -0.001754 0.000000
v 0.067816 -0.001587 -0.000000
v -0.067816 -0.001587 0.000000
v 0.067698 -0.001411 -0.000000
v -0.067698 -0.001411 0.000000
v 0.067594 -0.001226 -0.000000
v -0.067594 -0.001226 0.000000
v 0.067506 -0.001033 -0.000000
v -0.067506 -0.001033 0.000000
v 0.067432 -0.000834 -0.000000
v -0.067432 -0.000834 0.000000
v 0.067375 -0.000630 -0.000000
v -0.067375 -0.000630 0.000000
v 0.067333 -0.000422 -0.000000
v -0.067333 -0.000422 0.000000
v 0.067308 -0.000212 -0.000000
v -0.067308 -0.000212 0.000000
v 0.067300 -0.000000 -0.000000
v -0.067300 -0.000000 0.000000
v 0.067308 0.000212 -0.000000
v -0.067308 0.000212 0.000000
v 0.067333 0.000422 -0.000000
v -0.067333 0.000422 0.000000
v 0.067375 0.000630 -0.000000
v -0.067375 0.000630 0.000000
v 0.067432 0.000834 -0.000000
v -0.067432 0.000834 0.000000
v 0.067506 0.001033 -0.000000
v -0.067506 0.001033 0.000000
v 0.067594 0.001226 -0.000000
v -0.067594 0.001226 0.000000
v 0.067698 0.001411 -0.000000
v -0.067698 0.001411 0.000000
v 0.067816 0.001587 -0.000000
v -0.067816 0.001587 0.000000
v 0.067947 0.001754 -0.000000
v -0.067947 0.001754 0.000000
v 0.068091 0.001909 -0.000000
v -0.068091 0.001909 0.000000
v 0.068246 0.002053 -0.000000
v -0.068246 0.002053 0.000000
v 0.068413 0.002184 -0.000000
v -0.068413 0.002184 0.000000
v 0.068589 0.002302 -0.000000
v -0.068589 0.002302 0.000000
v 0.068774 0.002406 -0.000000
v -0.068774 0.002406 0.000000
v 0.068967 0.002494 -0.000000
v -0.068967 0.002494 0.000000
v 0.069166 0.002568 -0.000000
v -0.069166 0.002568 0.000000
v 0.069370 0.002625 -0.000000
v -0.069370 0.002625 0.000000
v 0.069578 0.002667 -0.000000
v -0.069578 0.002667 0.000000
v 0.069788 0.002692 -0.000000
v -0.069788 0.002692 0.000000
v -0.075000 0.003000 -0.050000
v -0.075000 -0.003000 -0.050000
v -0.070000 0.003000 -0.022300
v -0.070212 0.003000 -0.022308
v -0.070422 0.003000 -0.022333
v -0.070212 0.003000 -0.027692
v -0.070000 0.003000 -0.027700
v -0.070422 0.003000 -0.027667
v -0.070630 0.003000 -0.022375
v -0.070834 0.003000 -0.022432
v -0.070630 0.003000 -0.027625
v -0.070834 0.003000 -0.027568
v -0.071033 0.003000 -0.022506
v -0.071226 0.003000 -0.022594
v -0.071033 0.003000 -0.027494
v -0.071226 0.003000 -0.027406
v -0.071411 0.003000 -0.022698
v -0.071587 0.003000 -0.022816
v -0.071411 0.003000 -0.027302
v -0.071587 0.003000 -0.027184
v -0.071754 0.003000 -0.022947
v -0.071909 0.003000 -0.023091
v -0.071754 0.003000 -0.027053
v -0.071909 0.003000 -0.026909
v -0.072053 0.003000 -0.023246
v -0.072184 0.003000 -0.023413
v -0.072053 0.003000 -0.026754
v -0.072184 0.003000 -0.026587
v -0.072302 0.003000 -0.023589
v -0.072406 0.003000 -0.023774
v -0.072302 0.003000 -0.026411
v -0.072406 0.003000 -0.026226
v -0.072494 0.003000 -0.023967
v -0.072568 0.003000 -0.024166
v -0.072494 0.003000 -0.026033
v -0.072568 0.003000 -0.025834
v -0.072625 0.003000 -0.024370
v -0.072667 0.003000 -0.024578
v -0.072625 0.003000 -0.025630
v -0.072667 0.003000 -0.025422
v -0.072692 0.003000 -0.024788
v -0.072700 0.003000 -0.025000
v -0.072692 0.003000 -0.025212
v 0.069788 0.003000 -0.027692
v 0.070000 0.003000 -0.027700
v -0.069788 0.003000 -0.027692
v 0.069578 0.003000 -0.027667
v 0.069370 0.003000 -0.027625
v -0.069578 0.003000 -0.027667
v -0.069370 0.003000 -0.027625
v 0.069166 0.003000 -0.027568
v 0.068967 0.003000 -0.027494
v -0.069166 0.003000 -0.027568
v -0.068967 0.003000 -0.027494
v 0.068774 0.003000 -0.027406
v 0.068589 0.003000 -0.027302
v -0.068774 0.003000 -0.027406
v -0.068589 0.003000 -0.027302
v 0.068413 0.003000 -0.027184
v 0.068246 0.003000 -0.027053
v -0.068413 0.003000 -0.027184
v -0.068246 0.003000 -0.027053
v 0.068091 0.003000 -0.026909
v 0.067947 0.003000 -0.026754
v -0.068091 0.003000 -0.026909
v -0.067947 0.003000 -0.026754
v 0.067816 0.003000 -0.026587
v 0.067698 0.003000 -0.026411
v -0.067816 0.003000 -0.026587
v -0.067698 0.003000 -0.026411
v 0.067594 0.003000 -0.026226
v 0.067506 0.003000 -0.026033
v -0.067594 0.003000 -0.026226
v -0.067506 0.003000 -0.026033
v 0.067432 0.003000 -0.025834
v -0.067432 0.003000 -0.025834
v 0.067375 0.003000 -0.025630
v -0.067375 0.003000 -0.025630
v 0.067333 0.003000 -0.025422
v -0.067333 0.003000 -0.025422
v 0.067308 0.003000 -0.025212
v -0.067308 0.003000 -0.025212
v 0.067300 0.003000 -0.025000
v -0.067300 0.003000 -0.025000
v 0.067308 0.003000 -0.024788
v -0.067308 0.003000 -0.024788
v 0.067333 0.003000 -0.024578
v -0.067333 0.003000 -0.024578
v 0.067375 0.003000 -0.024370
v -0.067375 0.003000 -0.024370
v 0.067432 0.003000 -0.024166
v -0.067432 0.003000 -0.024166
v 0.067506 0.003000 -0.023967
v -0.067506 0.003000 -0.023967
v 0.067594 0.003000 -0.023774
v -0.067594 0.003000 -0.023774
v 0.067698 0.003000 -0.023589
v -0.067698 0.003000 -0.023589
v 0.067816 0.003000 -0.023413
v -0.067816 0.003000 -0.023413
v 0.067947 0.003000 -0.023246
v -0.067947 0.003000 -0.023246
v 0.068091 0.003000 -0.023091
v -0.068091 0.003000 -0.023091
v 0.068246 0.003000 -0.022947
v -0.068246 0.003000 -0.022947
v 0.068413 0.003000 -0.022816
v -0.068413 0.003000 -0.022816
v 0.068589 0.003000 -0.022698
v -0.068589 0.003000 -0.022698
v 0.068774 0.003000 -0.022594
v -0.068774 0.003000 -0.022594
v 0.068967 0.003000 -0.022506
v -0.068967 0.003000 -0.022506
v 0.069166 0.003000 -0.022432
v -0.069166 0.003000 -0.022432
v 0.069370 0.003000 -0.022375
v -0.069370 0.003000 -0.022375
v 0.069578 0.003000 -0.022333
v -0.069578 0.003000 -0.022333
v 0.070000 0.003000 -0.022300
v 0.069788 0.003000 -0.022308
v -0.069788 0.003000 -0.022308
v 0.070212 0.003000 -0.022308
v 0.070212 0.003000 -0.027692
v 0.070422 0.003000 -0.027667
v 0.070422 0.003000 -0.022333
v 0.070630 0.003000 -0.022375
v 0.070630 0.003000 -0.027625
v 0.070834 0.003000 -0.027568
v 0.070834 0.003000 -0.022432
v 0.071033 0.003000 -0.022506
v 0.071033 0.003000 -0.027494
v 0.071226 0.003000 -0.027406
v 0.071226 0.003000 -0.022594
v 0.071411 0.003000 -0.022698
v 0.071411 0.003000 -0.027302
v 0.071587 0.003000 -0.027184
v 0.071587 0.003000 -0.022816
v 0.071754 0.003000 -0.022947
v 0.071754 0.003000 -0.027053
v 0.071909 0.003000 -0.026909
v 0.071909 0.003000 -0.023091
v 0.072053 0.003000 -0.023246
v 0.072053 0.003000 -0.026754
v 0.072184 0.003000 -0.026587
v 0.072184 0.003000 -0.023413
v 0.072302 0.003000 -0.023589
v 0.072302 0.003000 -0.026411
v 0.072406 0.003000 -0.026226
v 0.072406 0.003000 -0.023774
v 0.072494 0.003000 -0.023967
v 0.072494 0.003000 -0.026033
v 0.072568 0.003000 -0.025834
v 0.072568 0.003000 -0.024166
v 0.072625 0.003000 -0.024370
v 0.072625 0.003000 -0.025630
v 0.072667 0.003000 -0.025422
v 0.072667 0.003000 -0.024578
v 0.072692 0.003000 -0.024788
v 0.072692 0.003000 -0.025212
v 0.072700 0.003000 -0.025000
v -0.070000 0.000500 -0.022300
v -0.070212 0.000500 -0.022308
v -0.070422 0.000500 -0.022333
v -0.070630 0.000500 -0.022375
v -0.070834 0.000500 -0.022432
v -0.071033 0.000500 -0.022506
v -0.071226 0.000500 -0.022594
v -0.071411 0.000500 -0.022698
v -0.071587 0.000500 -0.022816
v -0.071754 0.000500 -0.022947
v -0.071909 0.000500 -0.023091
v -0.072053 0.000500 -0.023246
v -0.072184 0.000500 -0.023413
v -0.072302 0.000500 -0.023589
v -0.072406 0.000500 -0.023774
v -0.072494 0.000500 -0.023967
v -0.072568 0.000500 -0.024166
v -0.072625 0.000500 -0.024370
v -0.072667 0.000500 -0.024578
v -0.072692 0.000500 -0.024788
v -0.072700 0.000500 -0.025000
v -0.072692 0.000500 -0.025212
v -0.072667 0.000500 -0.025422
v -0.072625 0.000500 -0.025630
v -0.072568 0.000500 -0.025834
v -0.072494 0.000500 -0.026033
v -0.072406 0.000500 -0.026226
v -0.072302 0.000500 -0.026411
v -0.072184 0.000500 -0.026587
v -0.072053 0.000500 -0.026754
v -0.071909 0.000500 -0.026909
v -0.071754 0.000500 -0.027053
v -0.071587 0.000500 -0.027184
v -0.071411 0.000500 -0.027302
v -0.071226 0.000500 -0.027406
v -0.071033 0.000500 -0.027494
v -0.070834 0.000500 -0.027568
v -0.070630 0.000500 -0.027625
v -0.070422 0.000500 -0.027667
v -0.070212 0.000500 -0.027692
v -0.070000 0.000500 -0.027700
v -0.069788 0.000500 -0.027692
v -0.069578 0.000500 -0.027667
v -0.069370 0.000500 -0.027625
v -0.069166 0.000500 -0.027568
v -0.068967 0.000500 -0.027494
v -0.068774 0.000500 -0.027406
v -0.068589 0.000500 -0.027302
v -0.068413 0.000500 -0.027184
v -0.068246 0.000500 -0.027053
v -0.068091 0.000500 -0.026909
v -0.067947 0.000500 -0.026754
v -0.067816 0.000500 -0.026587
v -0.067698 0.000500 -0.026411
v -0.067594 0.000500 -0.026226
v -0.067506 0.000500 -0.026033
v -0.067432 0.000500 -0.025834
v -0.067375 0.000500 -0.025630
v -0.067333 0.000500 -0.025422
v -0.067308 0.000500 -0.025212
v -0.067300 0.000500 -0.025000
v -0.067308 0.000500 -0.024788
v -0.067333 0.000500 -0.024578
v -0.067375 0.000500 -0.024370
v -0.067432 0.000500 -0.024166
v -0.067506 0.000500 -0.023967
v -0.067594 0.000500 -0.023774
v -0.067698 0.000500 -0.023589
v -0.067816 0.000500 -0.023413
v -0.067947 0.000500 -0.023246
v -0.068091 0.000500 -0.023091
v -0.068246 0.000500 -0.022947
v -0.068413 0.000500 -0.022816
v -0.068589 0.000500 -0.022698
v -0.068774 0.000500 -0.022594
v -0.068967 0.000500 -0.022506
v -0.069166 0.000500 -0.022432
v -0.069370 0.000500 -0.022375
v -0.069578 0.000500 -0.022333
v -0.069788 0.000500 -0.022308
v 0.070000 0.000500 -0.022300
v 0.069788 0.000500 -0.022308
v 0.069578 0.000500 -0.022333
v 0.069370 0.000500 -0.022375
v 0.069166 0.000500 -0.022432
v 0.068967 0.000500 -0.022506
v 0.068774 0.000500 -0.022594
v 0.068589 0.000500 -0.022698
v 0.068413 0.000500 -0.022816
v 0.068246 0.000500 -0.022947
v 0.068091 0.000500 -0.023091
v 0.067947 0.000500 -0.023246
v 0.067816 0.000500 -0.023413
v 0.067698 0.000500 -0.023589
v 0.067594 0.000500 -0.023774
v 0.067506 0.000500 -0.023967
v 0.067432 0.000500 -0.024166
v 0.067375 0.000500 -0.024370
v 0.067333 0.000500 -0.024578
v 0.067308 0.000500 -0.024788
v 0.067300 0.000500 -0.025000
v 0.067308 0.000500 -0.025212
v 0.067333 0.000500 -0.025422
v 0.067375 0.000500 -0.025630
v 0.067432 0.000500 -0.025834
v 0.067506 0.000500 -0.026033
v 0.067594 0.000500 -0.026226
v 0.067698 0.000500 -0.026411
v 0.067816 0.000500 -0.026587
v 0.067947 0.000500 -0.026754
v 0.068091 0.000500 -0.026909
v 0.068246 0.000500 -0.027053
v 0.068413 0.000500 -0.027184
v 0.068589 0.000500 -0.027302
v 0.068774 0.000500 -0.027406
v 0.068967 0.000500 -0.027494
v 0.069166 0.000500 -0.027568
v 0.069370 0.000500 -0.027625
v 0.069578 0.000500 -0.027667
v 0.069788 0.000500 -0.027692
v 0.070000 0.000500 -0.027700
v 0.070212 0.000500 -0.027692
v 0.070422 0.000500 -0.027667
v 0.070630 0.000500 -0.027625
v 0.070834 0.000500 -0.027568
v 0.071033 0.000500 -0.027494
v 0.071226 0.000500 -0.027406
v 0.071411 0.000500 -0.027302
v 0.071587 0.000500 -0.027184
v 0.071754 0.000500 -0.027053
v 0.071909 0.000500 -0.026909
v 0.072053 0.000500 -0.026754
v 0.072184 0.000500 -0.026587
v 0.072302 0.000500 -0.026411
v 0.072406 0.000500 -0.026226
v 0.072494 0.000500 -0.026033
v 0.072568 0.000500 -0.025834
v 0.072625 0.000500 -0.025630
v 0.072667 0.000500 -0.025422
v 0.072692 0.000500 -0.025212
v 0.072700 0.000500 -0.025000
v 0.072692 0.000500 -0.024788
v 0.072667 0.000500 -0.024578
v 0.072625 0.000500 -0.024370
v 0.072568 0.000500 -0.024166
v 0.072494 0.000500 -0.023967
v 0.072406 0.000500 -0.023774
v 0.072302 0.000500 -0.023589
v 0.072184 0.000500 -0.023413
v 0.072053 0.000500 -0.023246
v 0.071909 0.000500 -0.023091
v 0.071754 0.000500 -0.022947
v 0.071587 0.000500 -0.022816
v 0.071411 0.000500 -0.022698
v 0.071226 0.000500 -0.022594
v 0.071033 0.000500 -0.022506
v 0.070834 0.000500 -0.022432
v 0.070630 0.000500 -0.022375
v 0.070422 0.000500 -0.022333
v 0.070212 0.000500 -0.022308
v 0.069788 0.002692 -0.002450
v 0.070000 0.002700 -0.002450
v 0.069578 0.002667 -0.002450
v 0.069370 0.002625 -0.002450
v 0.069166 0.002568 -0.002450
v 0.068967 0.002494 -0.002450
v 0.068774 0.002406 -0.002450
v 0.068589 0.002302 -0.002450
v 0.068413 0.002184 -0.002450
v 0.068246 0.002053 -0.002450
v 0.068091 0.001909 -0.002450
v 0.067947 0.001754 -0.002450
v 0.067816 0.001587 -0.002450
v 0.067698 0.001411 -0.002450
v 0.067594 0.001226 -0.002450
v 0.067506 0.001033 -0.002450
v 0.067432 0.000834 -0.002450
v 0.067375 0.000630 -0.002450
v 0.067333 0.000422 -0.002450
v 0.067308 0.000212 -0.002450
v 0.067300 -0.000000 -0.002450
v 0.067308 -0.000212 -0.002450
v 0.067333 -0.000422 -0.002450
v 0.067375 -0.000630 -0.002450
v 0.067432 -0.000834 -0.002450
v 0.067506 -0.001033 -0.002450
v 0.067594 -0.001226 -0.002450
v 0.067698 -0.001411 -0.002450
v 0.067816 -0.001587 -0.002450
v 0.067947 -0.001754 -0.002450
v 0.068091 -0.001909 -0.002450
v 0.068246 -0.002053 -0.002450
v 0.068413 -0.002184 -0.002450
v 0.068589 -0.002302 -0.002450
v 0.068774 -0.002406 -0.002450
v 0.068967 -0.002494 -0.002450
v 0.069166 -0.002568 -0.002450
v 0.069370 -0.002625 -0.002450
v 0.069578 -0.002667 -0.002450
v 0.069788 -0.002692 -0.002450
v 0.070000 -0.002700 -0.002450
v 0.070212 -0.002692 -0.002450
v 0.070422 -0.002667 -0.002450
v 0.070630 -0.002625 -0.002450
v 0.070834 -0.002568 -0.002450
v 0.071033 -0.002494 -0.002450
v 0.071226 -0.002406 -0.002450
v 0.071411 -0.002302 -0.002450
v 0.071587 -0.002184 -0.002450
v 0.071754 -0.002053 -0.002450
v 0.071909 -0.001909 -0.002450
v 0.072053 -0.001754 -0.002450
v 0.072184 -0.001587 -0.002450
v 0.072302 -0.001411 -0.002450
v 0.072406 -0.001226 -0.002450
v 0.072494 -0.001033 -0.002450
v 0.072568 -0.000834 -0.002450
v 0.072625 -0.000630 -0.002450
v 0.072667 -0.000422 -0.002450
v 0.072692 -0.000212 -0.002450
v 0.072700 -0.000000 -0.002450
v 0.072692 0.000212 -0.002450
v 0.072667 0.000422 -0.002450
v 0.072625 0.000630 -0.002450
v 0.072568 0.000834 -0.002450
v 0.072494 0.001033 -0.002450
v 0.072406 0.001226 -0.002450
v 0.072302 0.001411 -0.002450
v 0.072184 0.001587 -0.002450
v 0.072053 0.001754 -0.002450
v 0.071909 0.001909 -0.002450
v 0.071754 0.002053 -0.002450
v 0.071587 0.002184 -0.002450
v 0.071411 0.002302 -0.002450
v 0.071226 0.002406 -0.002450
v 0.071033 0.002494 -0.002450
v 0.070834 0.002568 -0.002450
v 0.070630 0.002625 -0.002450
v 0.070422 0.002667 -0.002450
v 0.070212 0.002692 -0.002450
v -0.070212 0.002692 -0.002450
v -0.070000 0.002700 -0.002450
v -0.070422 0.002667 -0.002450
v -0.070630 0.002625 -0.002450
v -0.070834 0.002568 -0.002450
v -0.071033 0.002494 -0.002450
v -0.071226 0.002406 -0.002450
v -0.071411 0.002302 -0.002450
v -0.071587 0.002184 -0.002450
v -0.071754 0.002053 -0.002450
v -0.071909 0.001909 -0.002450
v -0.072053 0.001754 -0.002450
v -0.072184 0.001587 -0.002450
v -0.072302 0.001411 -0.002450
v -0.072406 0.001226 -0.002450
v -0.072494 0.001033 -0.002450
v -0.072568 0.000834 -0.002450
v -0.072625 0.000630 -0.002450
v -0.072667 0.000422 -0.002450
v -0.072692 0.000212 -0.002450
v -0.072700 -0.000000 -0.002450
v -0.072692 -0.000212 -0.002450
v -0.072667 -0.000422 -0.002450
v -0.072625 -0.000630 -0.002450
v -0.072568 -0.000834 -0.002450
v -0.072494 -0.001033 -0.002450
v -0.072406 -0.001226 -0.002450
v -0.072302 -0.001411 -0.002450
v -0.072184 -0.001587 -0.002450
v -0.072053 -0.001754 -0.002450
v -0.071909 -0.001909 -0.002450
v -0.071754 -0.002053 -0.002450
v -0.071587 -0.002184 -0.002450
v -0.071411 -0.002302 -0.002450
v -0.071226 -0.002406 -0.002450
v -0.071033 -0.002494 -0.002450
v -0.070834 -0.002568 -0.002450
v -0.070630 -0.002625 -0.002450
v -0.070422 -0.002667 -0.002450
v -0.070212 -0.002692 -0.002450
v -0.070000 -0.002700 -0.002450
v -0.069788 -0.002692 -0.002450
v -0.069578 -0.002667 -0.002450
v -0.069370 -0.002625 -0.002450
v -0.069166 -0.002568 -0.002450
v -0.068967 -0.002494 -0.002450
v -0.068774 -0.002406 -0.002450
v -0.068589 -0.002302 -0.002450
v -0.068413 -0.002184 -0.002450
v -0.068246 -0.002053 -0.002450
v -0.068091 -0.001909 -0.002450
v -0.067947 -0.001754 -0.002450
v -0.067816 -0.001587 -0.002450
v -0.067698 -0.001411 -0.002450
v -0.067594 -0.001226 -0.002450
v -0.067506 -0.001033 -0.002450
v -0.067432 -0.000834 -0.002450
v -0.067375 -0.000630 -0.002450
v -0.067333 -0.000422 -0.002450
v -0.067308 -0.000212 -0.002450
v -0.067300 -0.000000 -0.002450
v -0.067308 0.000212 -0.002450
v -0.067333 0.000422 -0.002450
v -0.067375 0.000630 -0.002450
v -0.067432 0.000834 -0.002450
v -0.067506 0.001033 -0.002450
v -0.067594 0.001226 -0.002450
v -0.067698 0.001411 -0.002450
v -0.067816 0.001587 -0.002450
v -0.067947 0.001754 -0.002450
v -0.068091 0.001909 -0.002450
v -0.068246 0.002053 -0.002450
v -0.068413 0.002184 -0.002450
v -0.068589 0.002302 -0.002450
v -0.068774 0.002406 -0.002450
v -0.068967 0.002494 -0.002450
v -0.069166 0.002568 -0.002450
v -0.069370 0.002625 -0.002450
v -0.069578 0.002667 -0.002450
v -0.069788 0.002692 -0.002450
v -0.075000 -0.003000 0.050000
v -0.075000 0.003000 0.050000
v -0.075000 0.003000 0.000000
v -0.075000 -0.003000 0.000000
v -0.070212 -0.002692 0.000000
v -0.070000 -0.002700 0.000000
v -0.070000 0.002700 0.000000
v -0.070212 0.002692 0.000000
v -0.070422 0.002667 0.000000
v -0.070422 -0.002667 0.000000
v -0.070630 -0.002625 0.000000
v -0.070630 0.002625 0.000000
v -0.070834 0.002568 0.000000
v -0.070834 -0.002568 0.000000
v -0.071033 -0.002494 0.000000
v -0.071033 0.002494 0.000000
v -0.071226 0.002406 0.000000
v -0.071226 -0.002406 0.000000
v -0.071411 -0.002302 0.000000
v -0.071411 0.002302 0.000000
v -0.071587 0.002184 0.000000
v -0.071587 -0.002184 0.000000
v -0.071754 -0.002053 0.000000
v -0.071754 0.002053 0.000000
v -0.071909 0.001909 0.000000
v -0.071909 -0.001909 0.000000
v -0.072053 -0.001754 0.000000
v -0.072053 0.001754 0.000000
v -0.072184 0.001587 0.000000
v -0.072184 -0.001587 0.000000
v -0.072302 -0.001411 0.000000
v -0.072302 0.001411 0.000000
v -0.072406 0.001226 0.000000
v -0.072406 -0.001226 0.000000
v -0.072494 0.001033 0.000000
v -0.072568 0.000834 0.000000
v -0.072494 -0.001033 0.000000
v -0.072568 -0.000834 0.000000
v -0.072625 0.000630 0.000000
v -0.072667 0.000422 0.000000
v -0.072625 -0.000630 0.000000
v -0.072667 -0.000422 0.000000
v -0.072692 0.000212 0.000000
v -0.072700 0.000000 0.000000
v -0.072692 -0.000212 0.000000
v 0.070212 0.002692 0.000000
v 0.070000 0.002700 0.000000
v 0.075000 0.003000 0.000000
v 0.075000 -0.003000 0.000000
v 0.070000 -0.002700 0.000000
v 0.070212 -0.002692 0.000000
v 0.070422 -0.002667 0.000000
v 0.070422 0.002667 0.000000
v 0.070630 0.002625 0.000000
v 0.070630 -0.002625 0.000000
v 0.070834 -0.002568 0.000000
v 0.070834 0.002568 0.000000
v 0.071033 0.002494 0.000000
v 0.071033 -0.002494 0.000000
v 0.071226 -0.002406 0.000000
v 0.071226 0.002406 0.000000
v 0.071411 0.002302 0.000000
v 0.071411 -0.002302 0.000000
v 0.071587 -0.002184 0.000000
v 0.071587 0.002184 0.000000
v 0.071754 0.002053 0.000000
v 0.071754 -0.002053 0.000000
v 0.071909 -0.001909 0.000000
v 0.071909 0.001909 0.000000
v 0.072053 0.001754 0.000000
v 0.072053 -0.001754 0.000000
v 0.072184 -0.001587 0.000000
v 0.072184 0.001587 0.000000
v 0.072302 0.001411 0.000000
v 0.072302 -0.001411 0.000000
v 0.072406 -0.001226 0.000000
v 0.072406 0.001226 0.000000
v 0.072494 -0.001033 0.000000
v 0.072568 -0.000834 0.000000
v 0.072494 0.001033 0.000000
v 0.072568 0.000834 0.000000
v 0.072625 -0.000630 0.000000
v 0.072667 -0.000422 0.000000
v 0.072625 0.000630 0.000000
v 0.072667 0.000422 0.000000
v 0.072692 -0.000212 0.000000
v 0.072700 0.000000 0.000000
v 0.072692 0.000212 0.000000
v 0.069788 -0.002692 0.000000
v -0.069788 -0.002692 0.000000
v -0.069578 -0.002667 0.000000
v 0.069578 -0.002667 0.000000
v -0.069370 -0.002625 0.000000
v 0.069370 -0.002625 0.000000
v -0.069166 -0.002568 0.000000
v 0.069166 -0.002568 0.000000
v -0.068967 -0.002494 0.000000
v 0.068967 -0.002494 0.000000
v -0.068774 -0.002406 0.000000
v 0.068774 -0.002406 0.000000
v -0.068589 -0.002302 0.000000
v 0.068589 -0.002302 0.000000
v -0.068413 -0.002184 0.000000
v 0.068413 -0.002184 0.000000
v -0.068246 -0.002053 0.000000
v 0.068246 -0.002053 0.000000
v -0.068091 -0.001909 0.000000
v 0.068091 -0.001909 0.000000
v -0.067947 -0.001754 0.000000
v 0.067947 -0.001754 0.000000
v -0.067816 -0.001587 0.000000
v 0.067816 -0.001587 0.000000
v -0.067698 -0.001411 0.000000
v 0.067698 -0.001411 0.000000
v -0.067594 -0.001226 0.000000
v 0.067594 -0.001226 0.000000
v -0.067506 -0.001033 0.000000
v 0.067506 -0.001033 0.000000
v -0.067432 -0.000834 0.000000
v 0.067432 -0.000834 0.000000
v -0.067375 -0.000630 0.000000
v 0.067375 -0.000630 0.000000
v -0.067333 -0.000422 0.000000
v 0.067333 -0.000422 0.000000
v -0.067308 -0.000212 0.000000
v 0.067308 -0.000212 0.000000
v -0.067300 0.000000 0.000000
v 0.067300 0.000000 0.000000
v -0.067308 0.000212 0.000000
v 0.067308 0.000212 0.000000
v -0.067333 0.000422 0.000000
v 0.067333 0.000422 0.000000
v -0.067375 0.000630 0.000000
v 0.067375 0.000630 0.000000
v -0.067432 0.000834 0.000000
v 0.067432 0.000834 0.000000
v -0.067506 0.001033 0.000000
v 0.067506 0.001033 0.000000
v -0.067594 0.001226 0.000000
v 0.067594 0.001226 0.000000
v -0.067698 0.001411 0.000000
v 0.067698 0.001411 0.000000
v -0.067816 0.001587 0.000000
v 0.067816 0.001587 0.000000
v -0.067947 0.001754 0.000000
v 0.067947 0.001754 0.000000
v -0.068091 0.001909 0.000000
v 0.068091 0.001909 0.000000
v -0.068246 0.002053 0.000000
v 0.068246 0.002053 0.000000
v -0.068413 0.002184 0.000000
v 0.068413 0.002184 0.000000
v -0.068589 0.002302 0.000000
v 0.068589 0.002302 0.000000
v -0.068774 0.002406 0.000000
v 0.068774 0.002406 0.000000
v -0.068967 0.002494 0.000000
v 0.068967 0.002494 0.000000
v -0.069166 0.002568 0.000000
v 0.069166 0.002568 0.000000
v -0.069370 0.002625 0.000000
v 0.069370 0.002625 0.000000
v -0.069578 0.002667 0.000000
v 0.069578 0.002667 0.000000
v -0.069788 0.002692 0.000000
v 0.069788 0.002692 0.000000
v 0.075000 0.003000 0.050000
v 0.075000 -0.003000 0.050000
v 0.070000 0.003000 0.022300
v 0.070212 0.003000 0.022308
v 0.070422 0.003000 0.022333
v 0.070212 0.003000 0.027692
v 0.070000 0.003000 0.027700
v 0.070422 0.003000 0.027667
v 0.070630 0.003000 0.022375
v 0.070834 0.003000 0.022432
v 0.070630 0.003000 0.027625
v 0.070834 0.003000 0.027568
v 0.071033 0.003000 0.022506
v 0.071226 0.003000 0.022594
v 0.071033 0.003000 0.027494
v 0.071226 0.003000 0.027406
v 0.071411 0.003000 0.022698
v 0.071587 0.003000 0.022816
v 0.071411 0.003000 0.027302
v 0.071587 0.003000 0.027184
v 0.071754 0.003000 0.022947
v 0.071909 0.003000 0.023091
v 0.071754 0.003000 0.027053
v 0.071909 0.003000 0.026909
v 0.072053 0.003000 0.023246
v 0.072184 0.003000 0.023413
v 0.072053 0.003000 0.026754
v 0.072184 0.003000 0.026587
v 0.072302 0.003000 0.023589
v 0.072406 0.003000 0.023774
v 0.072302 0.003000 0.026411
v 0.072406 0.003000 0.026226
v 0.072494 0.003000 0.023967
v 0.072568 0.003000 0.024166
v 0.072494 0.003000 0.026033
v 0.072568 0.003000 0.025834
v 0.072625 0.003000 0.024370
v 0.072667 0.003000 0.024578
v 0.072625 0.003000 0.025630
v 0.072667 0.003000 0.025422
v 0.072692 0.003000 0.024788
v 0.072700 0.003000 0.025000
v 0.072692 0.003000 0.025212
v -0.069788 0.003000 0.027692
v -0.070000 0.003000 0.027700
v 0.069788 0.003000 0.027692
v -0.069578 0.003000 0.027667
v -0.069370 0.003000 0.027625
v 0.069578 0.003000 0.027667
v 0.069370 0.003000 0.027625
v -0.069166 0.003000 0.027568
v -0.068967 0.003000 0.027494
v 0.069166 0.003000 0.027568
v 0.068967 0.003000 0.027494
v -0.068774 0.003000 0.027406
v -0.068589 0.003000 0.027302
v 0.068774 0.003000 0.027406
v 0.068589 0.003000 0.027302
v -0.068413 0.003000 0.027184
v -0.068246 0.003000 0.027053
v 0.068413 0.003000 0.027184
v 0.068246 0.003000 0.027053
v -0.068091 0.003000 0.026909
v -0.067947 0.003000 0.026754
v 0.068091 0.003000 0.026909
v 0.067947 0.003000 0.026754
v -0.067816 0.003000 0.026587
v -0.067698 0.003000 0.026411
v 0.067816 0.003000 0.026587
v 0.067698 0.003000 0.026411
v -0.067594 0.003000 0.026226
v -0.067506 0.003000 0.026033
v 0.067594 0.003000 0.026226
v 0.067506 0.003000 0.026033
v -0.067432 0.003000 0.025834
v 0.067432 0.003000 0.025834
v -0.067375 0.003000 0.025630
v 0.067375 0.003000 0.025630
v -0.067333 0.003000 0.025422
v 0.067333 0.003000 0.025422
v -0.067308 0.003000 0.025212
v 0.067308 0.003000 0.025212
v -0.067300 0.003000 0.025000
v 0.067300 0.003000 0.025000
v -0.067308 0.003000 0.024788
v 0.067308 0.003000 0.024788
v -0.067333 0.003000 0.024578
v 0.067333 0.003000 0.024578
v -0.067375 0.003000 0.024370
v 0.067375 0.003000 0.024370
v -0.067432 0.003000 0.024166
v 0.067432 0.003000 0.024166
v -0.067506 0.003000 0.023967
v 0.067506 0.003000 0.023967
v -0.067594 0.003000 0.023774
v 0.067594 0.003000 0.023774
v -0.067698 0.003000 0.023589
v 0.067698 0.003000 0.023589
v -0.067816 0.003000 0.023413
v 0.067816 0.003000 0.023413
v -0.067947 0.003000 0.023246
v 0.067947 0.003000 0.023246
v -0.068091 0.003000 0.023091
v 0.068091 0.003000 0.023091
v -0.068246 0.003000 0.022947
v 0.068246 0.003000 0.022947
v -0.068413 0.003000 0.022816
v 0.068413 0.003000 0.022816
v -0.068589 0.003000 0.022698
v 0.068589 0.003000 0.022698
v -0.068774 0.003000 0.022594
v 0.068774 0.003000 0.022594
v -0.068967 0.003000 0.022506
v 0.068967 0.003000 0.022506
v -0.069166 0.003000 0.022432
v 0.069166 0.003000 0.022432
v -0.069370 0.003000 0.022375
v 0.069370 0.003000 0.022375
v -0.069578 0.003000 0.022333
v 0.069578 0.003000 0.022333
v -0.070000 0.003000 0.022300
v -0.069788 0.003000 0.022308
v 0.069788 0.003000 0.022308
v -0.070212 0.003000 0.022308
v -0.070212 0.003000 0.027692
v -0.070422 0.003000 0.027667
v -0.070422 0.003000 0.022333
v -0.070630 0.003000 0.022375
v -0.070630 0.003000 0.027625
v -0.070834 0.003000 0.027568
v -0.070834 0.003000 0.022432
v -0.071033 0.003000 0.022506
v -0.071033 0.003000 0.027494
v -0.071226 0.003000 0.027406
v -0.071226 0.003000 0.022594
v -0.071411 0.003000 0.022698
v -0.071411 0.003000 0.027302
v -0.071587 0.003000 0.027184
v -0.071587 0.003000 0.022816
v -0.071754 0.003000 0.022947
v -0.071754 0.003000 0.027053
v -0.071909 0.003000 0.026909
v -0.071909 0.003000 0.023091
v -0.072053 0.003000 0.023246
v -0.072053 0.003000 0.026754
v -0.072184 0.003000 0.026587
v -0.072184 0.003000 0.023413
v -0.072302 0.003000 0.023589
v -0.072302 0.003000 0.026411
v -0.072406 0.003000 0.026226
v -0.072406 0.003000 0.023774
v -0.072494 0.003000 0.023967
v -0.072494 0.003000 0.026033
v -0.072568 0.003000 0.025834
v -0.072568 0.003000 0.024166
v -0.072625 0.003000 0.024370
v -0.072625 0.003000 0.025630
v -0.072667 0.003000 0.025422
v -0.072667 0.003000 0.024578
v -0.072692 0.003000 0.024788
v -0.072692 0.003000 0.025212
v -0.072700 0.003000 0.025000
v 0.070000 0.000500 0.022300
v 0.070212 0.000500 0.022308
v 0.070422 0.000500 0.022333
v 0.070630 0.000500 0.022375
v 0.070834 0.000500 0.022432
v 0.071033 0.000500 0.022506
v 0.071226 0.000500 0.022594
v 0.071411 0.000500 0.022698
v 0.071587 0.000500 0.022816
v 0.071754 0.000500 0.022947
v 0.071909 0.000500 0.023091
v 0.072053 0.000500 0.023246
v 0.072184 0.000500 0.023413
v 0.072302 0.000500 0.023589
v 0.072406 0.000500 0.023774
v 0.072494 0.000500 0.023967
v 0.072568 0.000500 0.024166
v 0.072625 0.000500 0.024370
v 0.072667 0.000500 0.024578
v 0.072692 0.000500 0.024788
v 0.072700 0.000500 0.025000
v 0.072692 0.000500 0.025212
v 0.072667 0.000500 0.025422
v 0.072625 0.000500 0.025630
v 0.072568 0.000500 0.025834
v 0.072494 0.000500 0.026033
v 0.072406 0.000500 0.026226
v 0.072302 0.000500 0.026411
v 0.072184 0.000500 0.026587
v 0.072053 0.000500 0.026754
v 0.071909 0.000500 0.026909
v 0.071754 0.000500 0.027053
v 0.071587 0.000500 0.027184
v 0.071411 0.000500 0.027302
v 0.071226 0.000500 0.027406
v 0.071033 0.000500 0.027494
v 0.070834 0.000500 0.027568
v 0.070630 0.000500 0.027625
v 0.070422 0.000500 0.027667
v 0.070212 0.000500 0.027692
v 0.070000 0.000500 0.027700
v 0.069788 0.000500 0.027692
v 0.069578 0.000500 0.027667
v 0.069370 0.000500 0.027625
v 0.069166 0.000500 0.027568
v 0.068967 0.000500 0.027494
v 0.068774 0.000500 0.027406
v 0.068589 0.000500 0.027302
v 0.068413 0.000500 0.027184
v 0.068246 0.000500 0.027053
v 0.068091 0.000500 0.026909
v 0.067947 0.000500 0.026754
v 0.067816 0.000500 0.026587
v 0.067698 0.000500 0.026411
v 0.067594 0.000500 0.026226
v 0.067506 0.000500 0.026033
v 0.067432 0.000500 0.025834
v 0.067375 0.000500 0.025630
v 0.067333 0.000500 0.025422
v 0.067308 0.000500 0.025212
v 0.067300 0.000500 0.025000
v 0.067308 0.000500 0.024788
v 0.067333 0.000500 0.024578
v 0.067375 0.000500 0.024370
v 0.067432 0.000500 0.024166
v 0.067506 0.000500 0.023967
v 0.067594 0.000500 0.023774
v 0.067698 0.000500 0.023589
v 0.067816 0.000500 0.023413
v 0.067947 0.000500 0.023246
v 0.068091 0.000500 0.023091
v 0.068246 0.000500 0.022947
v 0.068413 0.000500 0.022816
v 0.068589 0.000500 0.022698
v 0.068774 0.000500 0.022594
v 0.068967 0.000500 0.022506
v 0.069166 0.000500 0.022432
v 0.069370 0.000500 0.022375
v 0.069578 0.000500 0.022333
v 0.069788 0.000500 0.022308
v -0.070000 0.000500 0.022300
v -0.069788 0.000500 0.022308
v -0.069578 0.000500 0.022333
v -0.069370 0.000500 0.022375
v -0.069166 0.000500 0.022432
v -0.068967 0.000500 0.022506
v -0.068774 0.000500 0.022594
v -0.068589 0.000500 0.022698
v -0.068413 0.000500 0.022816
v -0.068246 0.000500 0.022947
v -0.068091 0.000500 0.023091
v -0.067947 0.000500 0.023246
v -0.067816 0.000500 0.023413
v -0.067698 0.000500 0.023589
v -0.067594 0.000500 0.023774
v -0.067506 0.000500 0.023967
v -0.067432 0.000500 0.024166
v -0.067375 0.000500 0.024370
v -0.067333 0.000500 0.024578
v -0.067308 0.000500 0.024788
v -0.067300 0.000500 0.025000
v -0.067308 0.000500 0.025212
v -0.067333 0.000500 0.025422
v -0.067375 0.000500 0.025630
v -0.067432 0.000500 0.025834
v -0.067506 0.000500 0.026033
v -0.067594 0.000500 0.026226
v -0.067698 0.000500 0.026411
v -0.067816 0.000500 0.026587
v -0.067947 0.000500 0.026754
v -0.068091 0.000500 0.026909
v -0.068246 0.000500 0.027053
v -0.068413 0.000500 0.027184
v -0.068589 0.000500 0.027302
v -0.068774 0.000500 0.027406
v -0.068967 0.000500 0.027494
v -0.069166 0.000500 0.027568
v -0.069370 0.000500 0.027625
v -0.069578 0.000500 0.027667
v -0.069788 0.000500 0.027692
v -0.070000 0.000500 0.027700
v -0.070212 0.000500 0.027692
v -0.070422 0.000500 0.027667
v -0.070630 0.000500 0.027625
v -0.070834 0.000500 0.027568
v -0.071033 0.000500 0.027494
v -0.071226 0.000500 0.027406
v -0.071411 0.000500 0.027302
v -0.071587 0.000500 0.027184
v -0.071754 0.000500 0.027053
v -0.071909 0.000500 0.026909
v -0.072053 0.000500 0.026754
v -0.072184 0.000500 0.026587
v -0.072302 0.000500 0.026411
v -0.072406 0.000500 0.026226
v -0.072494 0.000500 0.026033
v -0.072568 0.000500 0.025834
v -0.072625 0.000500 0.025630
v -0.072667 0.000500 0.025422
v -0.072692 0.000500 0.025212
v -0.072700 0.000500 0.025000
v -0.072692 0.000500 0.024788
v -0.072667 0.000500 0.024578
v -0.072625 0.000500 0.024370
v -0.072568 0.000500 0.024166
v -0.072494 0.000500 0.023967
v -0.072406 0.000500 0.023774
v -0.072302 0.000500 0.023589
v -0.072184 0.000500 0.023413
v -0.072053 0.000500 0.023246
v -0.071909 0.000500 0.023091
v -0.071754 0.000500 0.022947
v -0.071587 0.000500 0.022816
v -0.071411 0.000500 0.022698
v -0.071226 0.000500 0.022594
v -0.071033 0.000500 0.022506
v -0.070834 0.000500 0.022432
v -0.070630 0.000500 0.022375
v -0.070422 0.000500 0.022333
v -0.070212 0.000500 0.022308
v -0.069788 0.002692 0.002450
v -0.070000 0.002700 0.002450
v -0.069578 0.002667 0.002450
v -0.069370 0.002625 0.002450
v -0.069166 0.002568 0.002450
v -0.068967 0.002494 0.002450
v -0.068774 0.002406 0.002450
v -0.068589 0.002302 0.002450
v -0.068413 0.002184 0.002450
v -0.068246 0.002053 0.002450
v -0.068091 0.001909 0.002450
v -0.067947 0.001754 0.002450
v -0.067816 0.001587 0.002450
v -0.067698 0.001411 0.002450
v -0.067594 0.001226 0.002450
v -0.067506 0.001033 0.002450
v -0.067432 0.000834 0.002450
v -0.067375 0.000630 0.002450
v -0.067333 0.000422 0.002450
v -0.067308 0.000212 0.002450
v -0.067300 0.000000 0.002450
v -0.067308 -0.000212 0.002450
v -0.067333 -0.000422 0.002450
v -0.067375 -0.000630 0.002450
v -0.067432 -0.000834 0.002450
v -0.067506 -0.001033 0.002450
v -0.067594 -0.001226 0.002450
v -0.067698 -0.001411 0.002450
v -0.067816 -0.001587 0.002450
v -0.067947 -0.001754 0.002450
v -0.068091 -0.001909 0.002450
v -0.068246 -0.002053 0.002450
v -0.068413 -0.002184 0.002450
v -0.068589 -0.002302 0.002450
v -0.068774 -0.002406 0.002450
v -0.068967 -0.002494 0.002450
v -0.069166 -0.002568 0.002450
v -0.069370 -0.002625 0.002450
v -0.069578 -0.002667 0.002450
v -0.069788 -0.002692 0.002450
v -0.070000 -0.002700 0.002450
v -0.070212 -0.002692 0.002450
v -0.070422 -0.002667 0.002450
v -0.070630 -0.002625 0.002450
v -0.070834 -0.002568 0.002450
v -0.071033 -0.002494 0.002450
v -0.071226 -0.002406 0.002450
v -0.071411 -0.002302 0.002450
v -0.071587 -0.002184 0.002450
v -0.071754 -0.002053 0.002450
v -0.071909 -0.001909 0.002450
v -0.072053 -0.001754 0.002450
v -0.072184 -0.001587 0.002450
v -0.072302 -0.001411 0.002450
v -0.072406 -0.001226 0.002450
v -0.072494 -0.001033 0.002450
v -0.072568 -0.000834 0.002450
v -0.072625 -0.000630 0.002450
v -0.072667 -0.000422 0.002450
v -0.072692 -0.000212 0.002450
v -0.072700 0.000000 0.002450
v -0.072692 0.000212 0.002450
v -0.072667 0.000422 0.002450
v -0.072625 0.000630 0.002450
v -0.072568 0.000834 0.002450
v -0.072494 0.001033 0.002450
v -0.072406 0.001226 0.002450
v -0.072302 0.001411 0.002450
v -0.072184 0.001587 0.002450
v -0.072053 0.001754 0.002450
v -0.071909 0.001909 0.002450
v -0.071754 0.002053 0.002450
v -0.071587 0.002184 0.002450
v -0.071411 0.002302 0.002450
v -0.071226 0.002406 0.002450
v -0.071033 0.002494 0.002450
v -0.070834 0.002568 0.002450
v -0.070630 0.002625 0.002450
v -0.070422 0.002667 0.002450
v -0.070212 0.002692 0.002450
v 0.070212 0.002692 0.002450
v 0.070000 0.002700 0.002450
v 0.070422 0.002667 0.002450
v 0.070630 0.002625 0.002450
v 0.070834 0.002568 0.002450
v 0.071033 0.002494 0.002450
v 0.071226 0.002406 0.002450
v 0.071411 0.002302 0.002450
v 0.071587 0.002184 0.002450
v 0.071754 0.002053 0.002450
v 0.071909 0.001909 0.002450
v 0.072053 0.001754 0.002450
v 0.072184 0.001587 0.002450
v 0.072302 0.001411 0.002450
v 0.072406 0.001226 0.002450
v 0.072494 0.001033 0.002450
v 0.072568 0.000834 0.002450
v 0.072625 0.000630 0.002450
v 0.072667 0.000422 0.002450
v 0.072692 0.000212 0.002450
v 0.072700 0.000000 0.002450
v 0.072692 -0.000212 0.002450
v 0.072667 -0.000422 0.002450
v 0.072625 -0.000630 0.002450
v 0.072568 -0.000834 0.002450
v 0.072494 -0.001033 0.002450
v 0.072406 -0.001226 0.002450
v 0.072302 -0.001411 0.002450
v 0.072184 -0.001587 0.002450
v 0.072053 -0.001754 0.002450
v 0.071909 -0.001909 0.002450
v 0.071754 -0.002053 0.002450
v 0.071587 -0.002184 0.002450
v 0.071411 -0.002302 0.002450
v 0.071226 -0.002406 0.002450
v 0.071033 -0.002494 0.002450
v 0.070834 -0.002568 0.002450
v 0.070630 -0.002625 0.002450
v 0.070422 -0.002667 0.002450
v 0.070212 -0.002692 0.002450
v 0.070000 -0.002700 0.002450
v 0.069788 -0.002692 0.002450
v 0.069578 -0.002667 0.002450
v 0.069370 -0.002625 0.002450
v 0.069166 -0.002568 0.002450
v 0.068967 -0.002494 0.002450
v 0.068774 -0.002406 0.002450
v 0.068589 -0.002302 0.002450
v 0.068413 -0.002184 0.002450
v 0.068246 -0.002053 0.002450
v 0.068091 -0.001909 0.002450
v 0.067947 -0.001754 0.002450
v 0.067816 -0.001587 0.002450
v 0.067698 -0.001411 0.002450
v 0.067594 -0.001226 0.002450
v 0.067506 -0.001033 0.002450
v 0.067432 -0.000834 0.002450
v 0.067375 -0.000630 0.002450
v 0.067333 -0.000422 0.002450
v 0.067308 -0.000212 0.002450
v 0.067300 0.000000 0.002450
v 0.067308 0.000212 0.002450
v 0.067333 0.000422 0.002450
v 0.067375 0.000630 0.002450
v 0.067432 0.000834 0.002450
v 0.067506 0.001033 0.002450
v 0.067594 0.001226 0.002450
v 0.067698 0.001411 0.002450
v 0.067816 0.001587 0.002450
v 0.067947 0.001754 0.002450
v 0.068091 0.001909 0.002450
v 0.068246 0.002053 0.002450
v 0.068413 0.002184 0.002450
v 0.068589 0.002302 0.002450
v 0.068774 0.002406 0.002450
v 0.068967 0.002494 0.002450
v 0.069166 0.002568 0.002450
v 0.069370 0.002625 0.002450
v 0.069578 0.002667 0.002450
v 0.069788 0.002692 0.002450
vn 1.0000 -0.0000 -0.0000
vn -0.0000 -0.0000 1.0000
vn 0.0003 -0.0000 1.0000
vn -0.0003 -0.0000 1.0000
vn -1.0000 -0.0000 -0.0000
vn -0.0000 -0.0000 -1.0000
vn -0.0000 -1.0000 -0.0000
vn -0.0000 1.0000 -0.0000
vn 0.0393 -0.0000 -0.9992
vn 0.1175 -0.0000 -0.9931
vn 0.1176 -0.0000 -0.9931
vn 0.1951 -0.0000 -0.9808
vn 0.2714 -0.0000 -0.9625
vn 0.3461 -0.0000 -0.9382
vn 0.3462 -0.0000 -0.9382
vn 0.4186 -0.0000 -0.9082
vn 0.4187 -0.0000 -0.9081
vn 0.4886 -0.0000 -0.8725
vn 0.5556 -0.0000 -0.8314
vn 0.6191 -0.0000 -0.7853
vn 0.6788 -0.0000 -0.7343
vn 0.7343 -0.0000 -0.6788
vn 0.7853 -0.0000 -0.6191
vn 0.8314 -0.0000 -0.5556
vn 0.8725 -0.0000 -0.4886
vn 0.8724 -0.0000 -0.4888
vn 0.9081 -0.0000 -0.4187
vn 0.9082 -0.0000 -0.4186
vn 0.9382 -0.0000 -0.3462
vn 0.9382 -0.0000 -0.3461
vn 0.9625 -0.0000 -0.2714
vn 0.9808 -0.0000 -0.1951
vn 0.9808 -0.0000 -0.1950
vn 0.9808 -0.0000 -0.1952
vn 0.9931 -0.0000 -0.1176
vn 0.9930 -0.0000 -0.1177
vn 0.9992 -0.0000 -0.0393
vn 0.9992 -0.0000 -0.0392
vn 0.9992 -0.0000 0.0393
vn 0.9992 -0.0000 0.0392
vn 0.9931 -0.0000 0.1176
vn 0.9930 -0.0000 0.1177
vn 0.9808 -0.0000 0.1951
vn 0.9808 -0.0000 0.1952
vn 0.9808 -0.0000 0.1950
vn 0.9625 -0.0000 0.2714
vn 0.9382 -0.0000 0.3461
vn 0.9382 -0.0000 0.3462
vn 0.9081 -0.0000 0.4187
vn 0.9082 -0.0000 0.4186
vn 0.8725 -0.0000 0.4886
vn 0.8724 -0.0000 0.4887
vn 0.8725 -0.0000 0.4887
vn 0.8314 -0.0000 0.5556
vn 0.8315 -0.0000 0.5556
vn 0.7853 -0.0000 0.6191
vn 0.7343 -0.0000 0.6788
vn 0.6788 -0.0000 0.7343
vn 0.6191 -0.0000 0.7853
vn 0.5556 -0.0000 0.8314
vn 0.4886 -0.0000 0.8725
vn 0.4186 -0.0000 0.9082
vn 0.4187 -0.0000 0.9081
vn 0.3461 -0.0000 0.9382
vn 0.3462 -0.0000 0.9382
vn 0.2714 -0.0000 0.9625
vn 0.1951 -0.0000 0.9808
vn 0.1175 -0.0000 0.9931
vn 0.1176 -0.0000 0.9931
vn 0.0393 -0.0000 0.9992
vn -0.0393 -0.0000 0.9992
vn -0.0392 -0.0000 0.9992
vn -0.1175 -0.0000 0.9931
vn -0.1176 -0.0000 0.9931
vn -0.1951 -0.0000 0.9808
vn -0.2714 -0.0000 0.9625
vn -0.3461 -0.0000 0.9382
vn -0.3462 -0.0000 0.9382
vn -0.4187 -0.0000 0.9081
vn -0.4886 -0.0000 0.8725
vn -0.5556 -0.0000 0.8314
vn -0.6191 -0.0000 0.7853
vn -0.6788 -0.0000 0.7344
vn -0.6787 -0.0000 0.7344
vn -0.6788 -0.0000 0.7343
vn -0.7343 -0.0000 0.6788
vn -0.7853 -0.0000 0.6191
vn -0.8314 -0.0000 0.5556
vn -0.8315 -0.0000 0.5556
vn -0.8725 -0.0000 0.4886
vn -0.8725 -0.0000 0.4887
vn -0.8724 -0.0000 0.4887
vn -0.9081 -0.0000 0.4187
vn -0.9082 -0.0000 0.4186
vn -0.9382 -0.0000 0.3461
vn -0.9382 -0.0000 0.3462
vn -0.9625 -0.0000 0.2714
vn -0.9808 -0.0000 0.1952
vn -0.9808 -0.0000 0.1950
vn -0.9931 -0.0000 0.1176
vn -0.9930 -0.0000 0.1177
vn -0.9992 -0.0000 0.0393
vn -0.9992 -0.0000 0.0392
vn -0.9992 -0.0000 -0.0393
vn -0.9992 -0.0000 -0.0392
vn -0.9931 -0.0000 -0.1176
vn -0.9930 -0.0000 -0.1177
vn -0.9808 -0.0000 -0.1952
vn -0.9808 -0.0000 -0.1950
vn -0.9625 -0.0000 -0.2714
vn -0.9382 -0.0000 -0.3462
vn -0.9382 -0.0000 -0.3461
vn -0.9081 -0.0000 -0.4187
vn -0.9082 -0.0000 -0.4186
vn -0.8725 -0.0000 -0.4886
vn -0.8724 -0.0000 -0.4888
vn -0.8314 -0.0000 -0.5556
vn -0.8315 -0.0000 -0.5556
vn -0.7853 -0.0000 -0.6191
vn -0.7343 -0.0000 -0.6788
vn -0.6788 -0.0000 -0.7344
vn -0.6788 -0.0000 -0.7343
vn -0.6191 -0.0000 -0.7853
vn -0.5556 -0.0000 -0.8314
vn -0.4886 -0.0000 -0.8725
vn -0.4187 -0.0000 -0.9081
vn -0.3461 -0.0000 -0.9382
vn -0.3462 -0.0000 -0.9382
vn -0.2714 -0.0000 -0.9625
vn -0.1951 -0.0000 -0.9808
vn -0.1175 -0.0000 -0.9931
vn -0.1176 -0.0000 -0.9931
vn -0.0393 -0.0000 -0.9992
vn 0.6788 -0.0000 -0.7344
vn 0.8315 -0.0000 -0.5556
vn 0.6788 -0.0000 0.7344
vn 0.6787 -0.0000 0.7344
vn -0.4186 -0.0000 0.9082
vn -0.9808 -0.0000 0.1951
vn -0.9808 -0.0000 -0.1951
vn -0.4186 -0.0000 -0.9082
vn 0.0394 -0.9992 -0.0000
vn 0.0393 -0.9992 -0.0000
vn 0.1176 -0.9931 -0.0000
vn 0.1175 -0.9931 -0.0000
vn 0.1951 -0.9808 -0.0000
vn 0.1952 -0.9808 -0.0000
vn 0.2714 -0.9625 -0.0000
vn 0.3461 -0.9382 -0.0000
vn 0.4187 -0.9081 -0.0000
vn 0.4886 -0.8725 -0.0000
vn 0.5556 -0.8314 -0.0000
vn 0.5556 -0.8315 -0.0000
vn 0.6191 -0.7853 -0.0000
vn 0.6788 -0.7343 -0.0000
vn 0.7343 -0.6788 -0.0000
vn 0.7853 -0.6191 -0.0000
vn 0.8314 -0.5556 -0.0000
vn 0.8315 -0.5556 -0.0000
vn 0.8725 -0.4886 -0.0000
vn 0.9081 -0.4187 -0.0000
vn 0.9382 -0.3461 -0.0000
vn 0.9625 -0.2714 -0.0000
vn 0.9808 -0.1951 -0.0000
vn 0.9931 -0.1177 -0.0000
vn 0.9931 -0.1176 -0.0000
vn 0.9930 -0.1179 -0.0000
vn 0.9992 -0.0394 -0.0000
vn 0.9992 -0.0393 -0.0000
vn 0.9992 0.0393 -0.0000
vn 0.9992 0.0394 -0.0000
vn 0.9930 0.1179 -0.0000
vn 0.9931 0.1177 -0.0000
vn 0.9931 0.1176 -0.0000
vn 0.9808 0.1951 -0.0000
vn 0.9625 0.2714 -0.0000
vn 0.9382 0.3461 -0.0000
vn 0.9081 0.4187 -0.0000
vn 0.8725 0.4886 -0.0000
vn 0.8725 0.4885 -0.0000
vn 0.8315 0.5556 -0.0000
vn 0.8314 0.5556 -0.0000
vn 0.7853 0.6191 -0.0000
vn 0.7343 0.6788 -0.0000
vn 0.6788 0.7343 -0.0000
vn 0.6191 0.7853 -0.0000
vn 0.5556 0.8314 -0.0000
vn 0.5556 0.8315 -0.0000
vn 0.4886 0.8725 -0.0000
vn 0.4187 0.9081 -0.0000
vn 0.3461 0.9382 -0.0000
vn 0.2714 0.9625 -0.0000
vn 0.1951 0.9808 -0.0000
vn 0.1952 0.9808 -0.0000
vn 0.1176 0.9931 -0.0000
vn 0.1175 0.9931 -0.0000
vn 0.0393 0.9992 -0.0000
vn 0.0394 0.9992 -0.0000
vn -0.0393 0.9992 -0.0000
vn -0.1176 0.9931 -0.0000
vn -0.1175 0.9931 -0.0000
vn -0.1951 0.9808 -0.0000
vn -0.1952 0.9808 -0.0000
vn -0.2714 0.9625 -0.0000
vn -0.3461 0.9382 -0.0000
vn -0.3462 0.9382 -0.0000
vn -0.4187 0.9081 -0.0000
vn -0.4886 0.8725 -0.0000
vn -0.5556 0.8315 -0.0000
vn -0.5556 0.8314 -0.0000
vn -0.6191 0.7853 -0.0000
vn -0.6788 0.7343 -0.0000
vn -0.7343 0.6788 -0.0000
vn -0.7853 0.6191 -0.0000
vn -0.8314 0.5556 -0.0000
vn -0.8725 0.4886 -0.0000
vn -0.9081 0.4187 -0.0000
vn -0.9382 0.3461 -0.0000
vn -0.9625 0.2713 -0.0000
vn -0.9625 0.2714 -0.0000
vn -0.9808 0.1951 -0.0000
vn -0.9930 0.1177 -0.0000
vn -0.9930 0.1179 -0.0000
vn -0.9992 0.0393 -0.0000
vn -0.9992 0.0394 -0.0000
vn -0.9992 -0.0394 -0.0000
vn -0.9992 -0.0393 -0.0000
vn -0.9930 -0.1177 -0.0000
vn -0.9930 -0.1179 -0.0000
vn -0.9808 -0.1951 -0.0000
vn -0.9625 -0.2713 -0.0000
vn -0.9625 -0.2714 -0.0000
vn -0.9382 -0.3461 -0.0000
vn -0.9081 -0.4187 -0.0000
vn -0.8725 -0.4886 -0.0000
vn -0.8314 -0.5556 -0.0000
vn -0.7853 -0.6191 -0.0000
vn -0.7343 -0.6788 -0.0000
vn -0.6788 -0.7343 -0.0000
vn -0.6191 -0.7853 -0.0000
vn -0.5556 -0.8315 -0.0000
vn -0.5556 -0.8314 -0.0000
vn -0.4886 -0.8725 -0.0000
vn -0.4187 -0.9081 -0.0000
vn -0.3461 -0.9382 -0.0000
vn -0.3462 -0.9382 -0.0000
vn -0.2714 -0.9625 -0.0000
vn -0.1951 -0.9808 -0.0000
vn -0.1952 -0.9808 -0.0000
vn 0.0001 -0.0000 1.0000
vn -0.0001 -0.0000 1.0000
vn -0.0000 0.0001 1.0000
vn 0.0002 0.0002 1.0000
vn -0.0000 -0.0001 1.0000
vn -0.1176 -0.9931 -0.0000
vn -0.1175 -0.9931 -0.0000
vn -0.0393 -0.9992 -0.0000
vn 0.3462 -0.9382 -0.0000
vn 0.9625 -0.2713 -0.0000
vn 0.9930 -0.1177 -0.0000
vn 0.9930 0.1177 -0.0000
vn 0.9625 0.2713 -0.0000
vn 0.3462 0.9382 -0.0000
vn -0.0394 0.9992 -0.0000
vn -0.8315 0.5556 -0.0000
vn -0.9931 0.1177 -0.0000
vn -0.9931 0.1176 -0.0000
vn -0.9931 -0.1177 -0.0000
vn -0.9931 -0.1176 -0.0000
vn -0.8725 -0.4885 -0.0000
vn -0.8315 -0.5556 -0.0000
vn 0.0002 -0.0000 1.0000
vn -0.0002 -0.0000 1.0000
vn -0.0394 -0.9992 -0.0000
vn 0.0001 -0.0000 -1.0000
vn -0.0394 -0.0000 0.9992
vn -0.1950 -0.0000 0.9808
vn -0.2713 -0.0000 0.9625
vn -0.5557 -0.0000 0.8314
vn -0.8314 -0.0000 0.5557
vn -0.9081 -0.0000 0.4186
vn -0.9081 -0.0000 -0.4186
vn -0.8724 -0.0000 -0.4887
vn -0.8725 -0.0000 -0.4887
vn -0.2713 -0.0000 -0.9625
vn -0.1177 -0.0000 -0.9931
vn -0.0394 -0.0000 -0.9992
vn 0.0394 -0.0000 -0.9992
vn 0.0392 -0.0000 -0.9992
vn 0.1177 -0.0000 -0.9931
vn 0.6787 -0.0000 -0.7344
vn 0.8725 -0.0000 -0.4887
vn 0.9081 -0.0000 -0.4186
vn 0.9081 -0.0000 0.4186
vn 0.1950 -0.0000 0.9808
vn 0.0394 -0.0000 0.9992
vn -0.1177 -0.0000 0.9931
vn -0.8724 -0.0000 0.4888
vn -0.6787 -0.0000 -0.7344
vn 0.8724 -0.0000 -0.4887
vn 0.8724 -0.0000 0.4888
vn 0.8314 -0.0000 0.5557
vn 0.5556 -0.0000 0.8315
vn 0.5557 -0.0000 0.8314
vn 0.1177 -0.0000 0.9931
vn -0.5557 -0.8314 -0.0000
vn -0.5555 -0.8315 -0.0000
vn -0.7343 -0.6789 -0.0000
vn -0.7854 -0.6190 -0.0000
vn -0.7853 -0.6192 -0.0000
vn -0.8315 -0.5555 -0.0000
vn -0.8314 -0.5557 -0.0000
vn -0.8726 -0.4885 -0.0000
vn -0.8725 -0.4887 -0.0000
vn -0.8724 -0.4887 -0.0000
vn -0.9081 -0.4188 -0.0000
vn -0.9382 -0.3460 -0.0000
vn -0.9808 -0.1950 -0.0000
vn -0.9808 -0.1952 -0.0000
vn -0.9931 -0.1175 -0.0000
vn -0.9931 0.1175 -0.0000
vn -0.9808 0.1952 -0.0000
vn -0.9808 0.1950 -0.0000
vn -0.9382 0.3460 -0.0000
vn -0.9081 0.4188 -0.0000
vn -0.8725 0.4887 -0.0000
vn -0.8725 0.4885 -0.0000
vn -0.8314 0.5557 -0.0000
vn -0.8315 0.5555 -0.0000
vn -0.7853 0.6192 -0.0000
vn -0.7854 0.6190 -0.0000
vn -0.7343 0.6789 -0.0000
vn -0.5557 0.8314 -0.0000
vn 0.7343 0.6789 -0.0000
vn 0.8314 0.5557 -0.0000
vn 0.8725 0.4887 -0.0000
vn 0.9382 0.3460 -0.0000
vn 0.9808 0.1950 -0.0000
vn 0.9930 0.1178 -0.0000
vn 0.9930 -0.1178 -0.0000
vn 0.9808 -0.1950 -0.0000
vn 0.9382 -0.3460 -0.0000
vn 0.8725 -0.4887 -0.0000
vn 0.8725 -0.4885 -0.0000
vn 0.8314 -0.5557 -0.0000
vn 0.7343 -0.6789 -0.0000
vn 0.0002 -0.0000 -1.0000
vn 0.0003 -0.0000 -1.0000
vn 0.0003 0.0001 -1.0000
vn -0.0001 -0.0000 -1.0000
vn -0.0003 -0.0000 -1.0000
vn -0.0007 0.0002 -1.0000
vn 0.0006 -0.0000 -1.0000
vn -0.0002 -0.0000 -1.0000
vn -0.0006 -0.0001 -1.0000
vn -0.0000 -0.0001 -1.0000
vn -0.1174 -0.9931 -0.0000
vn -0.7342 -0.6789 -0.0000
vn -0.9382 -0.3462 -0.0000
vn -0.9930 -0.1178 -0.0000
vn -0.9930 0.1178 -0.0000
vn -0.9382 0.3462 -0.0000
vn -0.7342 0.6789 -0.0000
vn -0.1174 0.9931 -0.0000
vn 0.1174 0.9931 -0.0000
vn 0.5555 0.8315 -0.0000
vn 0.8724 0.4887 -0.0000
vn 0.9382 0.3462 -0.0000
vn 0.9808 0.1952 -0.0000
vn 0.9931 0.1175 -0.0000
vn 0.9931 -0.1175 -0.0000
vn 0.9808 -0.1952 -0.0000
vn 0.9382 -0.3462 -0.0000
vn 0.8724 -0.4887 -0.0000
vn -0.0005 -0.0000 -1.0000
vn 0.1174 -0.9931 -0.0000
s 1
f 1//1 2//1 3//1
f 1//1 3//1 4//1
f 5//2 6//2 4//2
f 3//2 7//2 8//2
f 3//2 8//2 9//2
f 10//2 5//2 4//2
f 11//2 10//2 4//2
f 3//2 9//2 12//2
f 3//2 12//2 13//2
f 14//2 11//2 4//2
f 15//2 14//2 4//2
f 3//2 13//2 16//2
f 3//2 16//2 17//2
f 18//2 15//2 4//2
f 19//2 18//2 4//2
f 3//2 17//2 20//2
f 3//2 20//2 21//2
f 22//2 19//2 4//2
f 23//2 22//2 4//2
f 3//2 21//2 24//2
f 3//2 24//2 25//2
f 26//2 23//2 4//2
f 27//2 26//2 4//2
f 3//2 25//2 28//2
f 3//2 28//2 29//2
f 30//2 27//2 4//2
f 31//2 30//2 4//2
f 3//2 29//2 32//2
f 3//2 32//2 33//2
f 31//2 4//2 3//2
f 34//3 31//2 3//2
f 3//2 33//2 35//2
f 3//2 35//2 36//2
f 37//2 34//3 3//2
f 38//2 37//2 3//2
f 3//2 36//2 39//2
f 3//2 39//2 40//2
f 41//2 38//2 3//2
f 42//2 41//2 3//2
f 3//2 40//2 43//2
f 3//2 43//2 44//2
f 45//2 42//2 3//2
f 3//2 44//2 45//2
f 46//2 47//2 48//2
f 49//2 50//2 51//2
f 49//2 51//2 52//2
f 53//2 46//2 48//2
f 54//2 53//2 48//2
f 49//2 52//2 55//2
f 49//2 55//2 56//2
f 57//2 54//2 48//2
f 58//2 57//2 48//2
f 49//2 56//2 59//2
f 49//2 59//2 60//2
f 61//2 58//2 48//2
f 62//2 61//2 48//2
f 49//2 60//2 63//2
f 49//2 63//2 64//2
f 65//2 62//2 48//2
f 66//2 65//2 48//2
f 49//2 64//2 67//2
f 49//2 67//2 68//2
f 69//2 66//2 48//2
f 70//2 69//2 48//2
f 49//2 68//2 71//2
f 49//2 71//2 72//2
f 73//2 70//2 48//2
f 74//2 73//2 48//2
f 49//2 72//2 75//2
f 49//2 75//2 76//2
f 74//2 48//2 49//2
f 77//4 74//2 49//2
f 49//2 76//2 78//2
f 49//2 78//2 79//2
f 80//2 77//4 49//2
f 81//2 80//2 49//2
f 49//2 79//2 82//2
f 49//2 82//2 83//2
f 84//2 81//2 49//2
f 85//2 84//2 49//2
f 49//2 83//2 86//2
f 49//2 86//2 87//2
f 88//2 85//2 49//2
f 49//2 87//2 88//2
f 89//2 50//2 49//2
f 49//2 4//2 6//2
f 49//2 6//2 90//2
f 89//2 49//2 90//2
f 89//2 90//2 91//2
f 92//2 89//2 91//2
f 92//2 91//2 93//2
f 94//2 92//2 93//2
f 94//2 93//2 95//2
f 96//2 94//2 95//2
f 96//2 95//2 97//2
f 98//2 96//2 97//2
f 98//2 97//2 99//2
f 100//2 98//2 99//2
f 100//2 99//2 101//2
f 102//2 100//2 101//2
f 102//2 101//2 103//2
f 104//2 102//2 103//2
f 104//2 103//2 105//2
f 106//2 104//2 105//2
f 106//2 105//2 107//2
f 108//2 106//2 107//2
f 108//2 107//2 109//2
f 110//2 108//2 109//2
f 110//2 109//2 111//2
f 112//2 110//2 111//2
f 112//2 111//2 113//2
f 114//2 112//2 113//2
f 114//2 113//2 115//2
f 116//2 114//2 115//2
f 116//2 115//2 117//2
f 118//2 116//2 117//2
f 118//2 117//2 119//2
f 120//2 118//2 119//2
f 120//2 119//2 121//2
f 122//2 120//2 121//2
f 122//2 121//2 123//2
f 124//2 122//2 123//2
f 124//2 123//2 125//2
f 126//2 124//2 125//2
f 126//2 125//2 127//2
f 128//2 126//2 127//2
f 128//2 127//2 129//2
f 130//2 128//2 129//2
f 130//2 129//2 131//2
f 132//2 130//2 131//2
f 132//2 131//2 133//2
f 134//2 132//2 133//2
f 134//2 133//2 135//2
f 136//2 134//2 135//2
f 136//2 135//2 137//2
f 138//2 136//2 137//2
f 138//2 137//2 139//2
f 140//2 138//2 139//2
f 140//2 139//2 141//2
f 142//2 140//2 141//2
f 142//2 141//2 143//2
f 144//2 142//2 143//2
f 144//2 143//2 145//2
f 146//2 144//2 145//2
f 146//2 145//2 147//2
f 148//2 146//2 147//2
f 148//2 147//2 149//2
f 150//2 148//2 149//2
f 150//2 149//2 151//2
f 152//2 150//2 151//2
f 152//2 151//2 153//2
f 154//2 152//2 153//2
f 154//2 153//2 155//2
f 156//2 154//2 155//2
f 156//2 155//2 157//2
f 158//2 156//2 157//2
f 158//2 157//2 159//2
f 160//2 158//2 159//2
f 160//2 159//2 161//2
f 162//2 160//2 161//2
f 162//2 161//2 163//2
f 164//2 162//2 163//2
f 165//2 7//2 3//2
f 164//2 163//2 165//2
f 48//2 47//2 166//2
f 166//2 164//2 165//2
f 165//2 3//2 48//2
f 165//2 48//2 166//2
f 49//5 48//5 167//5
f 49//5 167//5 168//5
f 168//6 167//6 2//6
f 168//6 2//6 1//6
f 4//7 49//7 168//7
f 4//7 168//7 1//7
f 48//8 169//8 170//8
f 48//8 170//8 171//8
f 172//8 173//8 167//8
f 174//8 172//8 167//8
f 48//8 171//8 175//8
f 48//8 175//8 176//8
f 177//8 174//8 167//8
f 178//8 177//8 167//8
f 48//8 176//8 179//8
f 48//8 179//8 180//8
f 181//8 178//8 167//8
f 182//8 181//8 167//8
f 48//8 180//8 183//8
f 48//8 183//8 184//8
f 185//8 182//8 167//8
f 186//8 185//8 167//8
f 48//8 184//8 187//8
f 48//8 187//8 188//8
f 189//8 186//8 167//8
f 190//8 189//8 167//8
f 48//8 188//8 191//8
f 48//8 191//8 192//8
f 193//8 190//8 167//8
f 194//8 193//8 167//8
f 48//8 192//8 195//8
f 48//8 195//8 196//8
f 197//8 194//8 167//8
f 198//8 197//8 167//8
f 48//8 196//8 199//8
f 48//8 199//8 200//8
f 201//8 198//8 167//8
f 202//8 201//8 167//8
f 48//8 200//8 203//8
f 48//8 203//8 204//8
f 205//8 202//8 167//8
f 206//8 205//8 167//8
f 48//8 204//8 207//8
f 48//8 207//8 208//8
f 209//8 206//8 167//8
f 48//8 208//8 209//8
f 48//8 209//8 167//8
f 210//8 211//8 2//8
f 2//8 167//8 173//8
f 2//8 173//8 212//8
f 213//8 210//8 2//8
f 214//8 213//8 2//8
f 2//8 212//8 215//8
f 2//8 215//8 216//8
f 217//8 214//8 2//8
f 218//8 217//8 2//8
f 2//8 216//8 219//8
f 2//8 219//8 220//8
f 221//8 218//8 2//8
f 222//8 221//8 2//8
f 2//8 220//8 223//8
f 2//8 223//8 224//8
f 225//8 222//8 2//8
f 226//8 225//8 2//8
f 2//8 224//8 227//8
f 2//8 227//8 228//8
f 229//8 226//8 2//8
f 230//8 229//8 2//8
f 2//8 228//8 231//8
f 2//8 231//8 232//8
f 233//8 230//8 2//8
f 234//8 233//8 2//8
f 2//8 232//8 235//8
f 2//8 235//8 236//8
f 237//8 234//8 2//8
f 238//8 237//8 2//8
f 2//8 236//8 239//8
f 2//8 239//8 240//8
f 241//8 238//8 2//8
f 241//8 2//8 240//8
f 241//8 240//8 242//8
f 243//8 241//8 242//8
f 243//8 242//8 244//8
f 245//8 243//8 244//8
f 245//8 244//8 246//8
f 247//8 245//8 246//8
f 247//8 246//8 248//8
f 249//8 247//8 248//8
f 249//8 248//8 250//8
f 251//8 249//8 250//8
f 251//8 250//8 252//8
f 253//8 251//8 252//8
f 253//8 252//8 254//8
f 255//8 253//8 254//8
f 255//8 254//8 256//8
f 257//8 255//8 256//8
f 257//8 256//8 258//8
f 259//8 257//8 258//8
f 259//8 258//8 260//8
f 261//8 259//8 260//8
f 261//8 260//8 262//8
f 263//8 261//8 262//8
f 263//8 262//8 264//8
f 265//8 263//8 264//8
f 265//8 264//8 266//8
f 267//8 265//8 266//8
f 267//8 266//8 268//8
f 269//8 267//8 268//8
f 269//8 268//8 270//8
f 271//8 269//8 270//8
f 271//8 270//8 272//8
f 273//8 271//8 272//8
f 273//8 272//8 274//8
f 275//8 273//8 274//8
f 275//8 274//8 276//8
f 277//8 275//8 276//8
f 277//8 276//8 278//8
f 279//8 277//8 278//8
f 279//8 278//8 280//8
f 281//8 279//8 280//8
f 281//8 280//8 282//8
f 283//8 281//8 282//8
f 283//8 282//8 284//8
f 285//8 283//8 284//8
f 285//8 284//8 286//8
f 3//8 287//8 288//8
f 288//8 285//8 286//8
f 289//8 169//8 48//8
f 288//8 286//8 289//8
f 48//8 3//8 288//8
f 289//8 48//8 288//8
f 290//8 287//8 3//8
f 2//8 211//8 291//8
f 2//8 291//8 292//8
f 293//8 290//8 3//8
f 294//8 293//8 3//8
f 2//8 292//8 295//8
f 2//8 295//8 296//8
f 297//8 294//8 3//8
f 298//8 297//8 3//8
f 2//8 296//8 299//8
f 2//8 299//8 300//8
f 301//8 298//8 3//8
f 302//8 301//8 3//8
f 2//8 300//8 303//8
f 2//8 303//8 304//8
f 305//8 302//8 3//8
f 306//8 305//8 3//8
f 2//8 304//8 307//8
f 2//8 307//8 308//8
f 309//8 306//8 3//8
f 310//8 309//8 3//8
f 2//8 308//8 311//8
f 2//8 311//8 312//8
f 313//8 310//8 3//8
f 314//8 313//8 3//8
f 2//8 312//8 315//8
f 2//8 315//8 316//8
f 317//8 314//8 3//8
f 318//8 317//8 3//8
f 2//8 316//8 319//8
f 2//8 319//8 320//8
f 321//8 318//8 3//8
f 322//8 321//8 3//8
f 2//8 320//8 323//8
f 2//8 323//8 324//8
f 325//8 322//8 3//8
f 326//8 325//8 3//8
f 2//8 324//8 327//8
f 328//8 326//8 3//8
f 2//8 327//8 328//8
f 3//8 2//8 328//8
f 169//9 329//9 330//9
f 169//9 330//9 170//9
f 170//10 330//11 331//10
f 170//10 331//10 171//11
f 171//12 331//12 332//12
f 171//12 332//12 175//12
f 175//13 332//13 333//13
f 175//13 333//13 176//13
f 179//14 176//15 333//14
f 179//14 333//14 334//15
f 180//16 179//17 334//16
f 180//16 334//16 335//16
f 183//18 180//18 335//18
f 183//18 335//18 336//18
f 184//19 183//19 336//19
f 184//19 336//19 337//19
f 187//20 184//20 337//20
f 187//20 337//20 338//20
f 188//21 187//21 338//21
f 188//21 338//21 339//21
f 191//22 188//22 339//22
f 191//22 339//22 340//22
f 192//23 191//23 340//23
f 192//23 340//23 341//23
f 195//24 192//24 341//24
f 195//24 341//24 342//24
f 196//25 195//25 342//25
f 196//25 342//25 343//26
f 199//27 196//28 343//27
f 199//27 343//27 344//27
f 200//29 199//30 344//30
f 200//29 344//30 345//30
f 203//31 200//31 345//31
f 203//31 345//31 346//31
f 204//32 203//33 346//32
f 204//32 346//32 347//34
f 207//35 204//35 347//35
f 207//35 347//35 348//36
f 208//37 207//37 348//37
f 208//37 348//37 349//38
f 209//39 208//40 349//39
f 209//39 349//39 350//39
f 206//41 209//42 350//41
f 206//41 350//41 351//41
f 205//43 206//44 351//43
f 205//43 351//43 352//45
f 202//46 205//46 352//46
f 202//46 352//46 353//46
f 201//47 202//47 353//48
f 201//47 353//48 354//47
f 198//49 201//49 354//49
f 198//49 354//49 355//50
f 197//51 198//52 355//53
f 197//51 355//53 356//51
f 194//54 197//55 356//54
f 194//54 356//54 357//54
f 193//56 194//56 357//56
f 193//56 357//56 358//56
f 190//57 193//57 358//57
f 190//57 358//57 359//57
f 189//58 190//58 359//58
f 189//58 359//58 360//58
f 186//59 189//59 360//59
f 186//59 360//59 361//59
f 185//60 186//60 361//60
f 185//60 361//60 362//60
f 182//61 185//61 362//61
f 182//61 362//61 363//61
f 181//62 182//62 363//63
f 181//62 363//63 364//63
f 178//64 181//65 364//64
f 178//64 364//64 365//65
f 177//66 178//66 365//66
f 177//66 365//66 366//66
f 174//67 177//67 366//67
f 174//67 366//67 367//67
f 172//68 174//69 367//68
f 172//68 367//68 368//69
f 173//70 172//70 368//70
f 173//70 368//70 369//70
f 212//71 173//71 369//71
f 212//71 369//71 370//72
f 215//73 212//74 370//73
f 215//73 370//73 371//74
f 216//75 215//75 371//75
f 216//75 371//75 372//75
f 219//76 216//76 372//76
f 219//76 372//76 373//76
f 219//77 373//78 374//77
f 219//77 374//77 220//78
f 220//79 374//79 375//79
f 220//79 375//79 223//79
f 223//80 375//80 376//80
f 223//80 376//80 224//80
f 224//81 376//81 377//81
f 224//81 377//81 227//81
f 227//82 377//82 378//82
f 227//82 378//82 228//82
f 228//83 378//84 379//83
f 228//83 379//83 231//85
f 231//86 379//86 380//86
f 231//86 380//86 232//86
f 232//87 380//87 381//87
f 232//87 381//87 235//87
f 235//88 381//88 382//88
f 235//88 382//88 236//89
f 236//90 382//90 383//91
f 236//90 383//91 239//92
f 239//93 383//94 384//93
f 239//93 384//93 240//93
f 240//95 384//95 385//96
f 240//95 385//96 242//95
f 242//97 385//97 386//97
f 242//97 386//97 244//97
f 244//98 386//99 387//98
f 244//98 387//98 246//98
f 246//100 387//100 388//100
f 246//100 388//100 248//101
f 248//102 388//102 389//102
f 248//102 389//102 250//103
f 250//104 389//105 390//104
f 250//104 390//104 252//104
f 252//106 390//107 391//106
f 252//106 391//106 254//106
f 254//108 391//108 392//108
f 254//108 392//108 256//109
f 256//110 392//110 393//110
f 256//110 393//110 258//110
f 258//111 393//112 394//112
f 258//111 394//112 260//112
f 260//113 394//113 395//113
f 260//113 395//113 262//114
f 262//115 395//116 396//115
f 262//115 396//115 264//115
f 264//117 396//118 397//117
f 264//117 397//117 266//117
f 266//119 397//119 398//119
f 266//119 398//119 268//119
f 268//120 398//120 399//120
f 268//120 399//120 270//120
f 270//121 399//122 400//121
f 270//121 400//121 272//121
f 272//123 400//123 401//123
f 272//123 401//123 274//123
f 274//124 401//124 402//124
f 274//124 402//124 276//124
f 276//125 402//125 403//125
f 276//125 403//125 278//125
f 278//126 403//126 404//126
f 278//126 404//126 280//126
f 280//127 404//128 405//127
f 280//127 405//127 282//128
f 282//129 405//129 406//129
f 282//129 406//129 284//129
f 284//130 406//130 407//130
f 284//130 407//130 286//130
f 286//131 407//132 408//131
f 286//131 408//131 289//132
f 408//133 329//133 169//133
f 408//133 169//133 289//133
f 370//8 369//8 368//8
f 368//8 367//8 366//8
f 366//8 365//8 364//8
f 364//8 363//8 362//8
f 362//8 361//8 360//8
f 360//8 359//8 358//8
f 358//8 357//8 356//8
f 356//8 355//8 354//8
f 354//8 353//8 352//8
f 352//8 351//8 350//8
f 350//8 349//8 348//8
f 348//8 347//8 346//8
f 346//8 345//8 344//8
f 344//8 343//8 342//8
f 342//8 341//8 340//8
f 340//8 339//8 338//8
f 338//8 337//8 336//8
f 336//8 335//8 334//8
f 334//8 333//8 332//8
f 332//8 331//8 330//8
f 330//8 329//8 408//8
f 408//8 407//8 406//8
f 406//8 405//8 404//8
f 404//8 403//8 402//8
f 402//8 401//8 400//8
f 400//8 399//8 398//8
f 398//8 397//8 396//8
f 396//8 395//8 394//8
f 394//8 393//8 392//8
f 392//8 391//8 390//8
f 390//8 389//8 388//8
f 388//8 387//8 386//8
f 386//8 385//8 384//8
f 384//8 383//8 382//8
f 382//8 381//8 380//8
f 380//8 379//8 378//8
f 378//8 377//8 376//8
f 376//8 375//8 374//8
f 374//8 373//8 372//8
f 372//8 371//8 370//8
f 370//8 368//8 366//8
f 366//8 364//8 362//8
f 362//8 360//8 358//8
f 358//8 356//8 354//8
f 354//8 352//8 350//8
f 350//8 348//8 346//8
f 346//8 344//8 342//8
f 342//8 340//8 338//8
f 338//8 336//8 334//8
f 334//8 332//8 330//8
f 330//8 408//8 406//8
f 406//8 404//8 402//8
f 402//8 400//8 398//8
f 398//8 396//8 394//8
f 394//8 392//8 390//8
f 390//8 388//8 386//8
f 386//8 384//8 382//8
f 382//8 380//8 378//8
f 378//8 376//8 374//8
f 374//8 372//8 370//8
f 370//8 366//8 362//8
f 362//8 358//8 354//8
f 354//8 350//8 346//8
f 346//8 342//8 338//8
f 338//8 334//8 330//8
f 330//8 406//8 402//8
f 402//8 398//8 394//8
f 394//8 390//8 386//8
f 386//8 382//8 378//8
f 378//8 374//8 370//8
f 370//8 362//8 354//8
f 354//8 346//8 338//8
f 338//8 330//8 402//8
f 402//8 394//8 386//8
f 386//8 378//8 370//8
f 370//8 354//8 338//8
f 338//8 402//8 386//8
f 338//8 386//8 370//8
f 287//9 409//9 410//9
f 287//9 410//9 288//9
f 288//10 410//11 411//10
f 288//10 411//10 285//11
f 285//12 411//12 412//12
f 285//12 412//12 283//12
f 283//13 412//13 413//13
f 283//13 413//13 281//13
f 279//14 281//15 413//14
f 279//14 413//14 414//15
f 277//17 279//17 414//17
f 277//17 414//17 415//17
f 275//18 277//18 415//18
f 275//18 415//18 416//18
f 273//19 275//19 416//19
f 273//19 416//19 417//19
f 271//20 273//20 417//20
f 271//20 417//20 418//20
f 269//134 271//134 418//134
f 269//134 418//134 419//21
f 267//22 269//22 419//22
f 267//22 419//22 420//22
f 265//23 267//23 420//23
f 265//23 420//23 421//23
f 263//24 265//24 421//24
f 263//24 421//24 422//135
f 261//25 263//25 422//25
f 261//25 422//25 423//26
f 259//27 261//28 423//27
f 259//27 423//27 424//27
f 257//29 259//30 424//30
f 257//29 424//30 425//30
f 255//31 257//31 425//31
f 255//31 425//31 426//31
f 253//34 255//33 426//34
f 253//34 426//34 427//34
f 251//35 253//35 427//35
f 251//35 427//35 428//36
f 249//37 251//37 428//37
f 249//37 428//37 429//38
f 247//39 249//40 429//39
f 247//39 429//39 430//39
f 245//41 247//42 430//41
f 245//41 430//41 431//41
f 243//44 245//44 431//44
f 243//44 431//44 432//45
f 241//46 243//46 432//46
f 241//46 432//46 433//46
f 238//47 241//47 433//48
f 238//47 433//48 434//47
f 237//49 238//49 434//49
f 237//49 434//49 435//50
f 234//51 237//52 435//53
f 234//51 435//53 436//51
f 233//54 234//55 436//54
f 233//54 436//54 437//54
f 230//56 233//56 437//56
f 230//56 437//56 438//56
f 229//57 230//57 438//57
f 229//57 438//57 439//57
f 226//136 229//58 439//136
f 226//136 439//136 440//137
f 225//59 226//59 440//59
f 225//59 440//59 441//59
f 222//60 225//60 441//60
f 222//60 441//60 442//60
f 221//61 222//61 442//61
f 221//61 442//61 443//61
f 218//63 221//63 443//63
f 218//63 443//63 444//63
f 217//64 218//65 444//64
f 217//64 444//64 445//65
f 214//66 217//66 445//66
f 214//66 445//66 446//66
f 213//67 214//67 446//67
f 213//67 446//67 447//67
f 210//68 213//69 447//68
f 210//68 447//68 448//69
f 211//70 210//70 448//70
f 211//70 448//70 449//70
f 291//71 211//71 449//71
f 291//71 449//71 450//72
f 292//73 291//74 450//73
f 292//73 450//73 451//74
f 295//75 292//75 451//75
f 295//75 451//75 452//75
f 296//76 295//76 452//76
f 296//76 452//76 453//76
f 296//77 453//78 454//77
f 296//77 454//77 299//78
f 299//138 454//79 455//79
f 299//138 455//79 300//138
f 300//80 455//80 456//80
f 300//80 456//80 303//80
f 303//81 456//81 457//81
f 303//81 457//81 304//81
f 304//82 457//82 458//82
f 304//82 458//82 307//82
f 307//85 458//85 459//85
f 307//85 459//85 308//85
f 308//86 459//86 460//86
f 308//86 460//86 311//86
f 311//87 460//87 461//87
f 311//87 461//87 312//87
f 312//88 461//88 462//88
f 312//88 462//88 315//89
f 315//90 462//90 463//91
f 315//90 463//91 316//92
f 316//93 463//94 464//93
f 316//93 464//93 319//93
f 319//95 464//95 465//96
f 319//95 465//96 320//95
f 320//97 465//97 466//97
f 320//97 466//97 323//97
f 323//139 466//99 467//139
f 323//139 467//139 324//98
f 324//100 467//100 468//100
f 324//100 468//100 327//101
f 327//102 468//102 469//102
f 327//102 469//102 328//103
f 328//104 469//105 470//104
f 328//104 470//104 326//104
f 326//106 470//107 471//106
f 326//106 471//106 325//106
f 325//140 471//108 472//140
f 325//140 472//140 322//109
f 322//110 472//110 473//110
f 322//110 473//110 321//110
f 321//111 473//112 474//112
f 321//111 474//112 318//112
f 318//113 474//113 475//113
f 318//113 475//113 317//114
f 317//115 475//116 476//115
f 317//115 476//115 314//115
f 314//117 476//117 477//117
f 314//117 477//117 313//117
f 313//119 477//119 478//119
f 313//119 478//119 310//119
f 310//120 478//120 479//120
f 310//120 479//120 309//120
f 309//122 479//122 480//122
f 309//122 480//122 306//122
f 306//123 480//123 481//123
f 306//123 481//123 305//123
f 305//124 481//124 482//124
f 305//124 482//124 302//124
f 302//125 482//125 483//125
f 302//125 483//125 301//125
f 301//141 483//141 484//141
f 301//141 484//141 298//126
f 298//127 484//128 485//127
f 298//127 485//127 297//128
f 297//129 485//129 486//129
f 297//129 486//129 294//129
f 294//130 486//130 487//130
f 294//130 487//130 293//130
f 293//131 487//132 488//131
f 293//131 488//131 290//132
f 488//133 409//133 287//133
f 488//133 287//133 290//133
f 451//8 450//8 449//8
f 449//8 448//8 447//8
f 447//8 446//8 445//8
f 445//8 444//8 443//8
f 443//8 442//8 441//8
f 441//8 440//8 439//8
f 439//8 438//8 437//8
f 437//8 436//8 435//8
f 435//8 434//8 433//8
f 433//8 432//8 431//8
f 431//8 430//8 429//8
f 429//8 428//8 427//8
f 427//8 426//8 425//8
f 425//8 424//8 423//8
f 423//8 422//8 421//8
f 421//8 420//8 419//8
f 419//8 418//8 417//8
f 417//8 416//8 415//8
f 415//8 414//8 413//8
f 413//8 412//8 411//8
f 411//8 410//8 409//8
f 409//8 488//8 487//8
f 487//8 486//8 485//8
f 485//8 484//8 483//8
f 483//8 482//8 481//8
f 481//8 480//8 479//8
f 479//8 478//8 477//8
f 477//8 476//8 475//8
f 475//8 474//8 473//8
f 473//8 472//8 471//8
f 471//8 470//8 469//8
f 469//8 468//8 467//8
f 467//8 466//8 465//8
f 465//8 464//8 463//8
f 463//8 462//8 461//8
f 461//8 460//8 459//8
f 459//8 458//8 457//8
f 457//8 456//8 455//8
f 455//8 454//8 453//8
f 453//8 452//8 451//8
f 451//8 449//8 447//8
f 447//8 445//8 443//8
f 443//8 441//8 439//8
f 439//8 437//8 435//8
f 435//8 433//8 431//8
f 431//8 429//8 427//8
f 427//8 425//8 423//8
f 423//8 421//8 419//8
f 419//8 417//8 415//8
f 415//8 413//8 411//8
f 411//8 409//8 487//8
f 487//8 485//8 483//8
f 483//8 481//8 479//8
f 479//8 477//8 475//8
f 475//8 473//8 471//8
f 471//8 469//8 467//8
f 467//8 465//8 463//8
f 463//8 461//8 459//8
f 459//8 457//8 455//8
f 455//8 453//8 451//8
f 451//8 447//8 443//8
f 443//8 439//8 435//8
f 435//8 431//8 427//8
f 427//8 423//8 419//8
f 419//8 415//8 411//8
f 411//8 487//8 483//8
f 483//8 479//8 475//8
f 475//8 471//8 467//8
f 467//8 463//8 459//8
f 459//8 455//8 451//8
f 451//8 443//8 435//8
f 435//8 427//8 419//8
f 419//8 411//8 483//8
f 483//8 475//8 467//8
f 467//8 459//8 451//8
f 451//8 435//8 419//8
f 419//8 483//8 467//8
f 419//8 467//8 451//8
f 489//142 490//143 7//143
f 489//142 7//143 165//143
f 491//144 489//145 165//144
f 491//144 165//144 163//144
f 492//146 491//146 163//146
f 492//146 163//146 161//147
f 493//148 492//148 161//148
f 493//148 161//148 159//148
f 494//149 493//149 159//149
f 494//149 159//149 157//149
f 495//150 494//150 157//150
f 495//150 157//150 155//150
f 496//151 495//151 155//151
f 496//151 155//151 153//151
f 497//152 496//152 153//152
f 497//152 153//152 151//153
f 498//154 497//154 151//154
f 498//154 151//154 149//154
f 499//155 498//155 149//155
f 499//155 149//155 147//155
f 500//156 499//156 147//156
f 500//156 147//156 145//156
f 501//157 500//157 145//157
f 501//157 145//157 143//157
f 502//158 501//158 143//159
f 502//158 143//159 141//159
f 503//160 502//160 141//160
f 503//160 141//160 139//160
f 504//161 503//161 139//161
f 504//161 139//161 137//161
f 505//162 504//162 137//162
f 505//162 137//162 135//162
f 506//163 505//163 135//163
f 506//163 135//163 133//163
f 507//164 506//164 133//164
f 507//164 133//164 131//164
f 508//165 507//166 131//167
f 508//165 131//167 129//167
f 509//168 508//168 129//169
f 509//168 129//169 127//169
f 510//170 509//170 127//171
f 510//170 127//171 125//171
f 511//172 510//172 125//173
f 511//172 125//173 123//174
f 512//175 511//175 123//175
f 512//175 123//175 121//175
f 513//176 512//176 121//176
f 513//176 121//176 119//176
f 514//177 513//177 119//177
f 514//177 119//177 117//177
f 515//178 514//178 117//178
f 515//178 117//178 115//178
f 516//179 515//180 115//179
f 516//179 115//179 113//179
f 517//181 516//181 113//182
f 517//181 113//182 111//182
f 518//183 517//183 111//183
f 518//183 111//183 109//183
f 519//184 518//184 109//184
f 519//184 109//184 107//184
f 520//185 519//185 107//185
f 520//185 107//185 105//185
f 521//186 520//186 105//186
f 521//186 105//186 103//186
f 522//187 521//188 103//187
f 522//187 103//187 101//187
f 523//189 522//189 101//189
f 523//189 101//189 99//189
f 524//190 523//190 99//190
f 524//190 99//190 97//190
f 525//191 524//191 97//191
f 525//191 97//191 95//191
f 526//192 525//192 95//192
f 526//192 95//192 93//192
f 527//193 526//194 93//193
f 527//193 93//193 91//193
f 528//195 527//195 91//195
f 528//195 91//195 90//196
f 6//197 529//197 528//198
f 6//197 528//198 90//197
f 5//199 530//199 529//199
f 5//199 529//199 6//199
f 531//200 530//200 5//200
f 531//200 5//200 10//201
f 532//202 531//202 10//202
f 532//202 10//202 11//203
f 533//204 532//204 11//204
f 533//204 11//204 14//204
f 534//205 533//206 14//205
f 534//205 14//205 15//206
f 535//207 534//207 15//207
f 535//207 15//207 18//207
f 536//208 535//208 18//208
f 536//208 18//208 19//208
f 537//209 536//209 19//210
f 537//209 19//210 22//209
f 538//211 537//211 22//211
f 538//211 22//211 23//211
f 539//212 538//212 23//212
f 539//212 23//212 26//212
f 540//213 539//213 26//213
f 540//213 26//213 27//213
f 541//214 540//214 27//214
f 541//214 27//214 30//214
f 542//215 541//215 30//215
f 542//215 30//215 31//215
f 543//216 542//216 31//216
f 543//216 31//216 34//216
f 544//217 543//217 34//217
f 544//217 34//217 37//217
f 545//218 544//218 37//218
f 545//218 37//218 38//218
f 546//219 545//220 38//219
f 546//219 38//219 41//220
f 547//221 546//221 41//221
f 547//221 41//221 42//221
f 548//222 547//223 42//222
f 548//222 42//222 45//223
f 549//224 548//224 45//225
f 549//224 45//225 44//225
f 550//226 549//226 44//227
f 550//226 44//227 43//227
f 551//228 550//229 43//228
f 551//228 43//228 40//229
f 552//230 551//230 40//230
f 552//230 40//230 39//230
f 553//231 552//232 39//231
f 553//231 39//231 36//232
f 554//233 553//233 36//233
f 554//233 36//233 35//233
f 555//234 554//234 35//234
f 555//234 35//234 33//234
f 556//235 555//235 33//235
f 556//235 33//235 32//235
f 557//236 556//236 32//236
f 557//236 32//236 29//236
f 558//237 557//237 29//237
f 558//237 29//237 28//237
f 559//238 558//238 28//238
f 559//238 28//238 25//238
f 560//239 559//239 25//239
f 560//239 25//239 24//239
f 561//240 560//240 24//240
f 561//240 24//240 21//240
f 562//241 561//241 21//242
f 562//241 21//242 20//241
f 563//243 562//243 20//243
f 563//243 20//243 17//243
f 564//244 563//244 17//244
f 564//244 17//244 16//244
f 565//245 564//246 16//245
f 565//245 16//245 13//246
f 566//247 565//247 13//247
f 566//247 13//247 12//247
f 567//248 566//249 12//248
f 567//248 12//248 9//248
f 567//2 568//2 490//2
f 490//2 489//2 491//2
f 491//2 492//250 493//2
f 493//2 494//2 495//2
f 495//2 496//2 497//2
f 497//2 498//251 499//2
f 499//2 500//2 501//2
f 501//2 502//3 503//2
f 503//2 504//252 505//2
f 505//2 506//250 507//2
f 507//2 508//250 509//2
f 509//2 510//4 511//2
f 511//2 512//253 513//2
f 513//2 514//251 515//2
f 515//2 516//3 517//2
f 517//2 518//2 519//2
f 519//2 520//251 521//2
f 521//2 522//2 523//2
f 523//2 524//2 525//2
f 525//2 526//250 527//2
f 527//2 528//2 529//2
f 529//2 530//2 531//2
f 531//2 532//251 533//2
f 533//2 534//2 535//2
f 535//2 536//2 537//2
f 537//2 538//250 539//2
f 539//2 540//2 541//2
f 541//2 542//4 543//2
f 543//2 544//254 545//2
f 545//2 546//3 547//2
f 547//2 548//251 549//2
f 549//2 550//3 551//2
f 551//2 552//254 553//2
f 553//2 554//250 555//2
f 555//2 556//4 557//2
f 557//2 558//2 559//2
f 559//2 560//250 561//2
f 561//2 562//2 563//2
f 563//2 564//2 565//2
f 565//2 566//251 567//2
f 567//2 490//2 491//2
f 491//2 493//2 495//2
f 495//2 497//2 499//2
f 499//2 501//2 503//2
f 503//2 505//2 507//2
f 507//2 509//2 511//2
f 511//2 513//2 515//2
f 515//2 517//2 519//2
f 519//2 521//2 523//2
f 523//2 525//2 527//2
f 527//2 529//2 531//2
f 531//2 533//2 535//2
f 535//2 537//2 539//2
f 539//2 541//2 543//2
f 543//2 545//2 547//2
f 547//2 549//2 551//2
f 551//2 553//2 555//2
f 555//2 557//2 559//2
f 559//2 561//2 563//2
f 563//2 565//2 567//2
f 567//2 491//2 495//2
f 495//2 499//2 503//2
f 503//2 507//2 511//2
f 511//2 515//2 519//2
f 519//2 523//2 527//2
f 527//2 531//2 535//2
f 535//2 539//2 543//2
f 543//2 547//2 551//2
f 551//2 555//2 559//2
f 559//2 563//2 567//2
f 567//2 495//2 503//2
f 503//2 511//2 519//2
f 519//2 527//2 535//2
f 535//2 543//2 551//2
f 551//2 559//2 567//2
f 567//2 503//2 519//2
f 519//2 535//2 551//2
f 519//2 551//2 567//2
f 568//255 567//256 9//255
f 568//255 9//255 8//255
f 490//257 568//257 8//257
f 490//257 8//257 7//257
f 569//143 570//143 47//143
f 569//143 47//143 46//143
f 571//144 569//144 46//144
f 571//144 46//144 53//145
f 572//146 571//146 53//146
f 572//146 53//146 54//147
f 573//148 572//148 54//148
f 573//148 54//148 57//148
f 574//149 573//258 57//149
f 574//149 57//149 58//258
f 575//150 574//150 58//150
f 575//150 58//150 61//150
f 576//151 575//151 61//151
f 576//151 61//151 62//151
f 577//153 576//153 62//152
f 577//153 62//152 65//153
f 578//154 577//154 65//154
f 578//154 65//154 66//154
f 579//155 578//155 66//155
f 579//155 66//155 69//155
f 580//156 579//156 69//156
f 580//156 69//156 70//156
f 581//157 580//157 70//157
f 581//157 70//157 73//157
f 582//158 581//158 73//158
f 582//158 73//158 74//158
f 583//160 582//160 74//160
f 583//160 74//160 77//160
f 584//161 583//161 77//161
f 584//161 77//161 80//161
f 585//162 584//162 80//162
f 585//162 80//162 81//162
f 586//259 585//163 81//259
f 586//259 81//259 84//163
f 587//164 586//164 84//164
f 587//164 84//164 85//164
f 588//260 587//167 85//260
f 588//260 85//260 88//167
f 589//169 588//169 88//168
f 589//169 88//168 87//168
f 590//171 589//171 87//170
f 590//171 87//170 86//170
f 591//261 590//172 86//261
f 591//261 86//261 83//172
f 592//175 591//175 83//175
f 592//175 83//175 82//175
f 593//262 592//176 82//262
f 593//262 82//262 79//176
f 594//177 593//177 79//177
f 594//177 79//177 78//177
f 595//178 594//178 78//178
f 595//178 78//178 76//178
f 596//179 595//179 76//179
f 596//179 76//179 75//179
f 597//182 596//182 75//182
f 597//182 75//182 72//182
f 598//183 597//183 72//183
f 598//183 72//183 71//183
f 599//184 598//184 71//184
f 599//184 71//184 68//184
f 600//185 599//185 68//185
f 600//185 68//185 67//185
f 601//186 600//186 67//186
f 601//186 67//186 64//186
f 602//188 601//188 64//187
f 602//188 64//187 63//188
f 603//189 602//189 63//189
f 603//189 63//189 60//189
f 604//190 603//190 60//190
f 604//190 60//190 59//190
f 605//191 604//263 59//191
f 605//191 59//191 56//263
f 606//192 605//192 56//192
f 606//192 56//192 55//192
f 607//193 606//194 55//193
f 607//193 55//193 52//193
f 608//195 607//196 52//195
f 608//195 52//195 51//195
f 50//197 609//197 608//197
f 50//197 608//197 51//197
f 89//264 610//199 609//199
f 89//264 609//199 50//199
f 611//200 610//201 89//200
f 611//200 89//200 92//200
f 612//202 611//202 92//202
f 612//202 92//202 94//203
f 613//204 612//204 94//204
f 613//204 94//204 96//204
f 614//205 613//205 96//205
f 614//205 96//205 98//205
f 615//207 614//207 98//207
f 615//207 98//207 100//207
f 616//208 615//208 100//208
f 616//208 100//208 102//208
f 617//210 616//210 102//210
f 617//210 102//210 104//209
f 618//211 617//211 104//211
f 618//211 104//211 106//211
f 619//212 618//212 106//212
f 619//212 106//212 108//212
f 620//213 619//213 108//213
f 620//213 108//213 110//213
f 621//214 620//214 110//214
f 621//214 110//214 112//214
f 622//215 621//215 112//265
f 622//215 112//265 114//265
f 623//216 622//216 114//216
f 623//216 114//216 116//216
f 624//217 623//217 116//217
f 624//217 116//217 118//217
f 625//218 624//218 118//218
f 625//218 118//218 120//218
f 626//220 625//220 120//220
f 626//220 120//220 122//220
f 627//221 626//221 122//221
f 627//221 122//221 124//221
f 628//266 627//267 124//223
f 628//266 124//223 126//223
f 629//225 628//225 126//224
f 629//225 126//224 128//224
f 630//227 629//227 128//226
f 630//227 128//226 130//226
f 631//229 630//229 130//268
f 631//229 130//268 132//269
f 632//230 631//230 132//230
f 632//230 132//230 134//230
f 633//232 632//232 134//232
f 633//232 134//232 136//232
f 634//233 633//233 136//233
f 634//233 136//233 138//233
f 635//234 634//234 138//234
f 635//234 138//234 140//234
f 636//235 635//270 140//235
f 636//235 140//235 142//235
f 637//271 636//271 142//236
f 637//271 142//236 144//236
f 638//237 637//237 144//237
f 638//237 144//237 146//237
f 639//238 638//238 146//238
f 639//238 146//238 148//238
f 640//239 639//239 148//239
f 640//239 148//239 150//239
f 641//240 640//240 150//240
f 641//240 150//240 152//240
f 642//242 641//241 152//242
f 642//242 152//242 154//242
f 643//243 642//243 154//243
f 643//243 154//243 156//243
f 644//244 643//244 156//244
f 644//244 156//244 158//244
f 645//245 644//245 158//245
f 645//245 158//245 160//245
f 646//247 645//247 160//247
f 646//247 160//247 162//247
f 647//248 646//249 162//248
f 647//248 162//248 164//248
f 648//2 570//2 569//2
f 569//2 571//2 572//2
f 572//2 573//2 574//2
f 574//2 575//2 576//2
f 576//2 577//250 578//2
f 578//2 579//250 580//2
f 580//2 581//2 582//251
f 582//251 583//272 584//2
f 584//2 585//2 586//250
f 586//250 587//2 588//2
f 588//2 589//2 590//2
f 590//2 591//2 592//2
f 592//2 593//2 594//2
f 594//2 595//272 596//2
f 596//2 597//2 598//2
f 598//2 599//250 600//2
f 600//2 601//250 602//2
f 602//2 603//2 604//2
f 604//2 605//2 606//2
f 606//2 607//2 608//2
f 608//2 609//2 610//2
f 610//2 611//2 612//2
f 612//2 613//2 614//2
f 614//2 615//2 616//2
f 616//2 617//251 618//2
f 618//2 619//251 620//2
f 620//2 621//2 622//250
f 622//250 623//273 624//2
f 624//2 625//2 626//251
f 626//251 627//251 628//2
f 628//2 629//2 630//2
f 630//2 631//251 632//2
f 632//2 633//2 634//2
f 634//2 635//273 636//2
f 636//2 637//2 638//2
f 638//2 639//251 640//2
f 640//2 641//251 642//2
f 642//2 643//2 644//2
f 644//2 645//2 646//2
f 646//2 647//2 648//2
f 648//2 569//2 572//2
f 572//2 574//2 576//2
f 576//2 578//2 580//2
f 580//2 582//251 584//2
f 584//2 586//250 588//2
f 588//2 590//2 592//2
f 592//2 594//2 596//2
f 596//2 598//2 600//2
f 600//2 602//2 604//2
f 604//2 606//2 608//2
f 608//2 610//2 612//2
f 612//2 614//2 616//2
f 616//2 618//2 620//2
f 620//2 622//250 624//2
f 624//2 626//251 628//2
f 628//2 630//2 632//2
f 632//2 634//2 636//2
f 636//2 638//2 640//2
f 640//2 642//2 644//2
f 644//2 646//2 648//2
f 648//2 572//2 576//2
f 576//2 580//2 584//2
f 584//2 588//2 592//2
f 592//2 596//2 600//2
f 600//2 604//2 608//2
f 608//2 612//2 616//2
f 616//2 620//2 624//2
f 624//2 628//2 632//2
f 632//2 636//2 640//2
f 640//2 644//2 648//2
f 648//2 576//2 584//2
f 584//2 592//2 600//2
f 600//2 608//2 616//2
f 616//2 624//2 632//2
f 632//2 640//2 648//2
f 648//2 584//2 600//2
f 600//2 616//2 632//2
f 600//2 632//2 648//2
f 648//255 647//255 164//255
f 648//255 164//255 166//256
f 570//257 648//257 166//274
f 570//257 166//274 47//257
f 649//5 650//5 651//5
f 649//5 651//5 652//5
f 653//6 654//6 652//6
f 651//6 655//6 656//6
f 651//6 656//6 657//6
f 658//6 653//6 652//6
f 659//6 658//6 652//6
f 651//6 657//6 660//6
f 651//6 660//6 661//6
f 662//6 659//6 652//6
f 663//6 662//6 652//6
f 651//6 661//6 664//6
f 651//6 664//6 665//6
f 666//6 663//6 652//6
f 667//6 666//6 652//6
f 651//6 665//6 668//6
f 651//6 668//6 669//6
f 670//6 667//6 652//6
f 671//6 670//6 652//6
f 651//6 669//6 672//6
f 651//6 672//6 673//6
f 674//6 671//6 652//6
f 675//6 674//6 652//6
f 651//6 673//6 676//6
f 651//6 676//6 677//6
f 678//6 675//6 652//6
f 679//6 678//6 652//6
f 651//6 677//6 680//6
f 651//6 680//6 681//6
f 679//6 652//6 651//6
f 682//6 679//6 651//6
f 651//6 681//6 683//6
f 651//6 683//6 684//6
f 685//6 682//6 651//6
f 686//6 685//6 651//6
f 651//6 684//6 687//6
f 651//6 687//6 688//6
f 689//6 686//6 651//6
f 690//6 689//6 651//6
f 651//6 688//6 691//6
f 651//6 691//6 692//6
f 693//6 690//6 651//6
f 651//6 692//6 693//6
f 694//6 695//6 696//6
f 697//6 698//6 699//6
f 697//6 699//6 700//6
f 701//6 694//6 696//6
f 702//6 701//6 696//6
f 697//6 700//6 703//6
f 697//6 703//6 704//6
f 705//6 702//6 696//6
f 706//6 705//6 696//6
f 697//6 704//6 707//6
f 697//6 707//6 708//6
f 709//6 706//6 696//6
f 710//6 709//6 696//6
f 697//6 708//6 711//6
f 697//6 711//6 712//6
f 713//6 710//6 696//6
f 714//6 713//6 696//6
f 697//6 712//6 715//6
f 697//6 715//6 716//6
f 717//6 714//6 696//6
f 718//6 717//6 696//6
f 697//6 716//6 719//6
f 697//6 719//6 720//6
f 721//6 718//6 696//6
f 722//6 721//6 696//6
f 697//6 720//6 723//6
f 697//6 723//6 724//6
f 722//6 696//6 697//6
f 725//6 722//6 697//6
f 697//6 724//6 726//6
f 697//6 726//6 727//6
f 728//275 725//6 697//6
f 729//6 728//275 697//6
f 697//6 727//6 730//6
f 697//6 730//6 731//6
f 732//6 729//6 697//6
f 733//6 732//6 697//6
f 697//6 731//6 734//6
f 697//6 734//6 735//6
f 736//6 733//6 697//6
f 697//6 735//6 736//6
f 737//6 698//6 697//6
f 697//6 652//6 654//6
f 697//6 654//6 738//6
f 737//6 697//6 738//6
f 737//6 738//6 739//6
f 740//6 737//6 739//6
f 740//6 739//6 741//6
f 742//6 740//6 741//6
f 742//6 741//6 743//6
f 744//6 742//6 743//6
f 744//6 743//6 745//6
f 746//6 744//6 745//6
f 746//6 745//6 747//6
f 748//6 746//6 747//6
f 748//6 747//6 749//6
f 750//6 748//6 749//6
f 750//6 749//6 751//6
f 752//6 750//6 751//6
f 752//6 751//6 753//6
f 754//6 752//6 753//6
f 754//6 753//6 755//6
f 756//6 754//6 755//6
f 756//6 755//6 757//6
f 758//6 756//6 757//6
f 758//6 757//6 759//6
f 760//6 758//6 759//6
f 760//6 759//6 761//6
f 762//6 760//6 761//6
f 762//6 761//6 763//6
f 764//6 762//6 763//6
f 764//6 763//6 765//6
f 766//6 764//6 765//6
f 766//6 765//6 767//6
f 768//6 766//6 767//6
f 768//6 767//6 769//6
f 770//6 768//6 769//6
f 770//6 769//6 771//6
f 772//6 770//6 771//6
f 772//6 771//6 773//6
f 774//6 772//6 773//6
f 774//6 773//6 775//6
f 776//6 774//6 775//6
f 776//6 775//6 777//6
f 778//6 776//6 777//6
f 778//6 777//6 779//6
f 780//6 778//6 779//6
f 780//6 779//6 781//6
f 782//6 780//6 781//6
f 782//6 781//6 783//6
f 784//6 782//6 783//6
f 784//6 783//6 785//6
f 786//6 784//6 785//6
f 786//6 785//6 787//6
f 788//6 786//6 787//6
f 788//6 787//6 789//6
f 790//6 788//6 789//6
f 790//6 789//6 791//6
f 792//6 790//6 791//6
f 792//6 791//6 793//6
f 794//6 792//6 793//6
f 794//6 793//6 795//6
f 796//6 794//6 795//6
f 796//6 795//6 797//6
f 798//6 796//6 797//6
f 798//6 797//6 799//6
f 800//6 798//6 799//6
f 800//6 799//6 801//6
f 802//6 800//6 801//6
f 802//6 801//6 803//6
f 804//6 802//6 803//6
f 804//6 803//6 805//6
f 806//6 804//6 805//6
f 806//6 805//6 807//6
f 808//6 806//6 807//6
f 808//6 807//6 809//6
f 810//6 808//6 809//6
f 810//6 809//6 811//6
f 812//6 810//6 811//6
f 813//6 655//6 651//6
f 812//6 811//6 813//6
f 696//6 695//6 814//6
f 814//6 812//6 813//6
f 813//6 651//6 696//6
f 813//6 696//6 814//6
f 697//1 696//1 815//1
f 697//1 815//1 816//1
f 816//2 815//2 650//2
f 816//2 650//2 649//2
f 652//7 697//7 816//7
f 652//7 816//7 649//7
f 696//8 817//8 818//8
f 696//8 818//8 819//8
f 820//8 821//8 815//8
f 822//8 820//8 815//8
f 696//8 819//8 823//8
f 696//8 823//8 824//8
f 825//8 822//8 815//8
f 826//8 825//8 815//8
f 696//8 824//8 827//8
f 696//8 827//8 828//8
f 829//8 826//8 815//8
f 830//8 829//8 815//8
f 696//8 828//8 831//8
f 696//8 831//8 832//8
f 833//8 830//8 815//8
f 834//8 833//8 815//8
f 696//8 832//8 835//8
f 696//8 835//8 836//8
f 837//8 834//8 815//8
f 838//8 837//8 815//8
f 696//8 836//8 839//8
f 696//8 839//8 840//8
f 841//8 838//8 815//8
f 842//8 841//8 815//8
f 696//8 840//8 843//8
f 696//8 843//8 844//8
f 845//8 842//8 815//8
f 846//8 845//8 815//8
f 696//8 844//8 847//8
f 696//8 847//8 848//8
f 849//8 846//8 815//8
f 850//8 849//8 815//8
f 696//8 848//8 851//8
f 696//8 851//8 852//8
f 853//8 850//8 815//8
f 854//8 853//8 815//8
f 696//8 852//8 855//8
f 696//8 855//8 856//8
f 857//8 854//8 815//8
f 696//8 856//8 857//8
f 696//8 857//8 815//8
f 858//8 859//8 650//8
f 650//8 815//8 821//8
f 650//8 821//8 860//8
f 861//8 858//8 650//8
f 862//8 861//8 650//8
f 650//8 860//8 863//8
f 650//8 863//8 864//8
f 865//8 862//8 650//8
f 866//8 865//8 650//8
f 650//8 864//8 867//8
f 650//8 867//8 868//8
f 869//8 866//8 650//8
f 870//8 869//8 650//8
f 650//8 868//8 871//8
f 650//8 871//8 872//8
f 873//8 870//8 650//8
f 874//8 873//8 650//8
f 650//8 872//8 875//8
f 650//8 875//8 876//8
f 877//8 874//8 650//8
f 878//8 877//8 650//8
f 650//8 876//8 879//8
f 650//8 879//8 880//8
f 881//8 878//8 650//8
f 882//8 881//8 650//8
f 650//8 880//8 883//8
f 650//8 883//8 884//8
f 885//8 882//8 650//8
f 886//8 885//8 650//8
f 650//8 884//8 887//8
f 650//8 887//8 888//8
f 889//8 886//8 650//8
f 889//8 650//8 888//8
f 889//8 888//8 890//8
f 891//8 889//8 890//8
f 891//8 890//8 892//8
f 893//8 891//8 892//8
f 893//8 892//8 894//8
f 895//8 893//8 894//8
f 895//8 894//8 896//8
f 897//8 895//8 896//8
f 897//8 896//8 898//8
f 899//8 897//8 898//8
f 899//8 898//8 900//8
f 901//8 899//8 900//8
f 901//8 900//8 902//8
f 903//8 901//8 902//8
f 903//8 902//8 904//8
f 905//8 903//8 904//8
f 905//8 904//8 906//8
f 907//8 905//8 906//8
f 907//8 906//8 908//8
f 909//8 907//8 908//8
f 909//8 908//8 910//8
f 911//8 909//8 910//8
f 911//8 910//8 912//8
f 913//8 911//8 912//8
f 913//8 912//8 914//8
f 915//8 913//8 914//8
f 915//8 914//8 916//8
f 917//8 915//8 916//8
f 917//8 916//8 918//8
f 919//8 917//8 918//8
f 919//8 918//8 920//8
f 921//8 919//8 920//8
f 921//8 920//8 922//8
f 923//8 921//8 922//8
f 923//8 922//8 924//8
f 925//8 923//8 924//8
f 925//8 924//8 926//8
f 927//8 925//8 926//8
f 927//8 926//8 928//8
f 929//8 927//8 928//8
f 929//8 928//8 930//8
f 931//8 929//8 930//8
f 931//8 930//8 932//8
f 933//8 931//8 932//8
f 933//8 932//8 934//8
f 651//8 935//8 936//8
f 936//8 933//8 934//8
f 937//8 817//8 696//8
f 936//8 934//8 937//8
f 696//8 651//8 936//8
f 937//8 696//8 936//8
f 938//8 935//8 651//8
f 650//8 859//8 939//8
f 650//8 939//8 940//8
f 941//8 938//8 651//8
f 942//8 941//8 651//8
f 650//8 940//8 943//8
f 650//8 943//8 944//8
f 945//8 942//8 651//8
f 946//8 945//8 651//8
f 650//8 944//8 947//8
f 650//8 947//8 948//8
f 949//8 946//8 651//8
f 950//8 949//8 651//8
f 650//8 948//8 951//8
f 650//8 951//8 952//8
f 953//8 950//8 651//8
f 954//8 953//8 651//8
f 650//8 952//8 955//8
f 650//8 955//8 956//8
f 957//8 954//8 651//8
f 958//8 957//8 651//8
f 650//8 956//8 959//8
f 650//8 959//8 960//8
f 961//8 958//8 651//8
f 962//8 961//8 651//8
f 650//8 960//8 963//8
f 650//8 963//8 964//8
f 965//8 962//8 651//8
f 966//8 965//8 651//8
f 650//8 964//8 967//8
f 650//8 967//8 968//8
f 969//8 966//8 651//8
f 970//8 969//8 651//8
f 650//8 968//8 971//8
f 650//8 971//8 972//8
f 973//8 970//8 651//8
f 974//8 973//8 651//8
f 650//8 972//8 975//8
f 976//8 974//8 651//8
f 650//8 975//8 976//8
f 651//8 650//8 976//8
f 817//276 977//71 978//71
f 817//276 978//71 818//276
f 818//73 978//74 979//73
f 818//73 979//73 819//74
f 819//75 979//277 980//75
f 819//75 980//75 823//75
f 823//278 980//278 981//76
f 823//278 981//76 824//278
f 827//77 824//78 981//77
f 827//77 981//77 982//78
f 828//138 827//79 982//138
f 828//138 982//138 983//138
f 831//80 828//80 983//80
f 831//80 983//80 984//80
f 832//81 831//81 984//279
f 832//81 984//279 985//81
f 835//82 832//82 985//82
f 835//82 985//82 986//82
f 836//85 835//85 986//85
f 836//85 986//85 987//85
f 839//86 836//86 987//86
f 839//86 987//86 988//86
f 840//87 839//87 988//87
f 840//87 988//87 989//87
f 843//280 840//280 989//88
f 843//280 989//88 990//88
f 844//90 843//90 990//90
f 844//90 990//90 991//92
f 847//93 844//94 991//281
f 847//93 991//281 992//93
f 848//96 847//95 992//95
f 848//96 992//95 993//95
f 851//97 848//97 993//97
f 851//97 993//97 994//97
f 852//139 851//99 994//139
f 852//139 994//139 995//98
f 855//100 852//100 995//100
f 855//100 995//100 996//101
f 856//102 855//102 996//102
f 856//102 996//102 997//103
f 857//104 856//105 997//104
f 857//104 997//104 998//104
f 854//106 857//107 998//106
f 854//106 998//106 999//106
f 853//140 854//108 999//140
f 853//140 999//140 1000//109
f 850//110 853//110 1000//110
f 850//110 1000//110 1001//110
f 849//112 850//112 1001//111
f 849//112 1001//111 1002//112
f 846//282 849//113 1002//282
f 846//282 1002//282 1003//114
f 845//115 846//283 1003//284
f 845//115 1003//284 1004//115
f 842//118 845//118 1004//117
f 842//118 1004//117 1005//117
f 841//119 842//119 1005//119
f 841//119 1005//119 1006//119
f 838//120 841//120 1006//120
f 838//120 1006//120 1007//120
f 837//122 838//122 1007//122
f 837//122 1007//122 1008//122
f 834//123 837//123 1008//123
f 834//123 1008//123 1009//123
f 833//124 834//124 1009//124
f 833//124 1009//124 1010//124
f 830//125 833//125 1010//125
f 830//125 1010//125 1011//125
f 829//126 830//141 1011//126
f 829//126 1011//126 1012//126
f 826//127 829//127 1012//127
f 826//127 1012//127 1013//128
f 825//285 826//285 1013//129
f 825//285 1013//129 1014//285
f 822//130 825//130 1014//130
f 822//130 1014//130 1015//130
f 820//132 822//286 1015//131
f 820//132 1015//131 1016//132
f 821//133 820//133 1016//287
f 821//133 1016//287 1017//133
f 860//288 821//288 1017//9
f 860//288 1017//9 1018//289
f 863//10 860//11 1018//11
f 863//10 1018//11 1019//290
f 864//12 863//12 1019//12
f 864//12 1019//12 1020//12
f 867//13 864//13 1020//13
f 867//13 1020//13 1021//13
f 867//14 1021//15 1022//14
f 867//14 1022//14 868//14
f 868//17 1022//17 1023//17
f 868//17 1023//17 871//17
f 871//18 1023//18 1024//18
f 871//18 1024//18 872//18
f 872//19 1024//19 1025//19
f 872//19 1025//19 875//19
f 875//20 1025//20 1026//20
f 875//20 1026//20 876//20
f 876//21 1026//291 1027//21
f 876//21 1027//21 879//21
f 879//22 1027//22 1028//22
f 879//22 1028//22 880//22
f 880//23 1028//23 1029//23
f 880//23 1029//23 883//23
f 883//24 1029//24 1030//24
f 883//24 1030//24 884//135
f 884//25 1030//25 1031//292
f 884//25 1031//292 887//292
f 887//293 1031//28 1032//27
f 887//293 1032//27 888//27
f 888//30 1032//30 1033//29
f 888//30 1033//29 890//30
f 890//31 1033//31 1034//31
f 890//31 1034//31 892//31
f 892//32 1034//33 1035//34
f 892//32 1035//34 894//34
f 894//35 1035//35 1036//35
f 894//35 1036//35 896//36
f 896//37 1036//37 1037//37
f 896//37 1037//37 898//38
f 898//39 1037//40 1038//39
f 898//39 1038//39 900//39
f 900//41 1038//42 1039//41
f 900//41 1039//41 902//41
f 902//43 1039//44 1040//44
f 902//43 1040//44 904//45
f 904//46 1040//46 1041//46
f 904//46 1041//46 906//46
f 906//48 1041//47 1042//47
f 906//48 1042//47 908//47
f 908//49 1042//49 1043//294
f 908//49 1043//294 910//50
f 910//51 1043//52 1044//51
f 910//51 1044//51 912//51
f 912//54 1044//55 1045//54
f 912//54 1045//54 914//54
f 914//56 1045//56 1046//56
f 914//56 1046//56 916//56
f 916//57 1046//57 1047//57
f 916//57 1047//57 918//57
f 918//136 1047//58 1048//136
f 918//136 1048//136 920//136
f 920//59 1048//59 1049//59
f 920//59 1049//59 922//59
f 922//60 1049//60 1050//60
f 922//60 1050//60 924//60
f 924//61 1050//61 1051//61
f 924//61 1051//61 926//61
f 926//63 1051//63 1052//63
f 926//63 1052//63 928//63
f 928//64 1052//65 1053//64
f 928//64 1053//64 930//65
f 930//66 1053//66 1054//66
f 930//66 1054//66 932//66
f 932//67 1054//67 1055//67
f 932//67 1055//67 934//295
f 934//68 1055//69 1056//68
f 934//68 1056//68 937//69
f 1056//70 977//70 817//296
f 1056//70 817//296 937//296
f 1018//8 1017//8 1016//8
f 1016//8 1015//8 1014//8
f 1014//8 1013//8 1012//8
f 1012//8 1011//8 1010//8
f 1010//8 1009//8 1008//8
f 1008//8 1007//8 1006//8
f 1006//8 1005//8 1004//8
f 1004//8 1003//8 1002//8
f 1002//8 1001//8 1000//8
f 1000//8 999//8 998//8
f 998//8 997//8 996//8
f 996//8 995//8 994//8
f 994//8 993//8 992//8
f 992//8 991//8 990//8
f 990//8 989//8 988//8
f 988//8 987//8 986//8
f 986//8 985//8 984//8
f 984//8 983//8 982//8
f 982//8 981//8 980//8
f 980//8 979//8 978//8
f 978//8 977//8 1056//8
f 1056//8 1055//8 1054//8
f 1054//8 1053//8 1052//8
f 1052//8 1051//8 1050//8
f 1050//8 1049//8 1048//8
f 1048//8 1047//8 1046//8
f 1046//8 1045//8 1044//8
f 1044//8 1043//8 1042//8
f 1042//8 1041//8 1040//8
f 1040//8 1039//8 1038//8
f 1038//8 1037//8 1036//8
f 1036//8 1035//8 1034//8
f 1034//8 1033//8 1032//8
f 1032//8 1031//8 1030//8
f 1030//8 1029//8 1028//8
f 1028//8 1027//8 1026//8
f 1026//8 1025//8 1024//8
f 1024//8 1023//8 1022//8
f 1022//8 1021//8 1020//8
f 1020//8 1019//8 1018//8
f 1018//8 1016//8 1014//8
f 1014//8 1012//8 1010//8
f 1010//8 1008//8 1006//8
f 1006//8 1004//8 1002//8
f 1002//8 1000//8 998//8
f 998//8 996//8 994//8
f 994//8 992//8 990//8
f 990//8 988//8 986//8
f 986//8 984//8 982//8
f 982//8 980//8 978//8
f 978//8 1056//8 1054//8
f 1054//8 1052//8 1050//8
f 1050//8 1048//8 1046//8
f 1046//8 1044//8 1042//8
f 1042//8 1040//8 1038//8
f 1038//8 1036//8 1034//8
f 1034//8 1032//8 1030//8
f 1030//8 1028//8 1026//8
f 1026//8 1024//8 1022//8
f 1022//8 1020//8 1018//8
f 1018//8 1014//8 1010//8
f 1010//8 1006//8 1002//8
f 1002//8 998//8 994//8
f 994//8 990//8 986//8
f 986//8 982//8 978//8
f 978//8 1054//8 1050//8
f 1050//8 1046//8 1042//8
f 1042//8 1038//8 1034//8
f 1034//8 1030//8 1026//8
f 1026//8 1022//8 1018//8
f 1018//8 1010//8 1002//8
f 1002//8 994//8 986//8
f 986//8 978//8 1050//8
f 1050//8 1042//8 1034//8
f 1034//8 1026//8 1018//8
f 1018//8 1002//8 986//8
f 986//8 1050//8 1034//8
f 986//8 1034//8 1018//8
f 935//71 1057//71 1058//71
f 935//71 1058//71 936//71
f 936//74 1058//74 1059//73
f 936//74 1059//73 933//297
f 933//277 1059//277 1060//277
f 933//277 1060//277 931//277
f 931//76 1060//278 1061//76
f 931//76 1061//76 929//76
f 927//77 929//78 1061//77
f 927//77 1061//77 1062//78
f 925//79 927//79 1062//79
f 925//79 1062//79 1063//79
f 923//80 925//80 1063//80
f 923//80 1063//80 1064//80
f 921//81 923//81 1064//81
f 921//81 1064//81 1065//81
f 919//82 921//82 1065//82
f 919//82 1065//82 1066//82
f 917//83 919//83 1066//83
f 917//83 1066//83 1067//85
f 915//86 917//86 1067//86
f 915//86 1067//86 1068//86
f 913//87 915//87 1068//87
f 913//87 1068//87 1069//87
f 911//88 913//88 1069//88
f 911//88 1069//88 1070//89
f 909//90 911//90 1070//90
f 909//90 1070//90 1071//298
f 907//93 909//94 1071//281
f 907//93 1071//281 1072//93
f 905//96 907//95 1072//95
f 905//96 1072//95 1073//95
f 903//97 905//97 1073//97
f 903//97 1073//97 1074//97
f 901//98 903//99 1074//139
f 901//98 1074//139 1075//98
f 899//100 901//100 1075//100
f 899//100 1075//100 1076//101
f 897//102 899//102 1076//102
f 897//102 1076//102 1077//103
f 895//104 897//105 1077//104
f 895//104 1077//104 1078//104
f 893//106 895//107 1078//106
f 893//106 1078//106 1079//106
f 891//108 893//108 1079//140
f 891//108 1079//140 1080//109
f 889//110 891//110 1080//110
f 889//110 1080//110 1081//110
f 886//112 889//112 1081//111
f 886//112 1081//111 1082//112
f 885//282 886//113 1082//282
f 885//282 1082//282 1083//114
f 882//115 885//283 1083//284
f 882//115 1083//284 1084//115
f 881//117 882//118 1084//117
f 881//117 1084//117 1085//117
f 878//119 881//119 1085//119
f 878//119 1085//119 1086//119
f 877//120 878//120 1086//120
f 877//120 1086//120 1087//120
f 874//122 877//122 1087//121
f 874//122 1087//121 1088//299
f 873//123 874//123 1088//123
f 873//123 1088//123 1089//123
f 870//124 873//124 1089//124
f 870//124 1089//124 1090//124
f 869//125 870//125 1090//125
f 869//125 1090//125 1091//125
f 866//126 869//126 1091//126
f 866//126 1091//126 1092//126
f 865//127 866//128 1092//127
f 865//127 1092//127 1093//128
f 862//285 865//285 1093//129
f 862//285 1093//129 1094//285
f 861//130 862//130 1094//130
f 861//130 1094//130 1095//130
f 858//131 861//132 1095//132
f 858//131 1095//132 1096//286
f 859//133 858//133 1096//133
f 859//133 1096//133 1097//133
f 939//9 859//9 1097//9
f 939//9 1097//9 1098//289
f 940//11 939//290 1098//10
f 940//11 1098//10 1099//11
f 943//12 940//12 1099//12
f 943//12 1099//12 1100//12
f 944//13 943//13 1100//13
f 944//13 1100//13 1101//13
f 944//14 1101//15 1102//14
f 944//14 1102//14 947//15
f 947//16 1102//17 1103//17
f 947//16 1103//17 948//16
f 948//18 1103//18 1104//18
f 948//18 1104//18 951//18
f 951//19 1104//19 1105//19
f 951//19 1105//19 952//19
f 952//20 1105//20 1106//20
f 952//20 1106//20 955//20
f 955//21 1106//21 1107//21
f 955//21 1107//21 956//21
f 956//22 1107//22 1108//22
f 956//22 1108//22 959//22
f 959//23 1108//23 1109//23
f 959//23 1109//23 960//23
f 960//24 1109//24 1110//24
f 960//24 1110//24 963//135
f 963//25 1110//25 1111//292
f 963//25 1111//292 964//300
f 964//293 1111//28 1112//293
f 964//293 1112//293 967//27
f 967//30 1112//30 1113//29
f 967//30 1113//29 968//30
f 968//31 1113//31 1114//31
f 968//31 1114//31 971//31
f 971//32 1114//33 1115//32
f 971//32 1115//32 972//34
f 972//35 1115//35 1116//35
f 972//35 1116//35 975//36
f 975//37 1116//37 1117//37
f 975//37 1117//37 976//38
f 976//39 1117//40 1118//39
f 976//39 1118//39 974//39
f 974//41 1118//42 1119//41
f 974//41 1119//41 973//41
f 973//43 1119//44 1120//43
f 973//43 1120//43 970//45
f 970//46 1120//46 1121//46
f 970//46 1121//46 969//46
f 969//48 1121//47 1122//47
f 969//48 1122//47 966//47
f 966//294 1122//49 1123//49
f 966//294 1123//49 965//50
f 965//51 1123//301 1124//51
f 965//51 1124//51 962//51
f 962//302 1124//54 1125//54
f 962//302 1125//54 961//302
f 961//56 1125//56 1126//56
f 961//56 1126//56 958//56
f 958//57 1126//57 1127//57
f 958//57 1127//57 957//57
f 957//58 1127//58 1128//58
f 957//58 1128//58 954//58
f 954//59 1128//59 1129//59
f 954//59 1129//59 953//59
f 953//303 1129//60 1130//304
f 953//303 1130//304 950//303
f 950//61 1130//61 1131//61
f 950//61 1131//61 949//61
f 949//62 1131//62 1132//62
f 949//62 1132//62 946//63
f 946//64 1132//65 1133//64
f 946//64 1133//64 945//65
f 945//66 1133//66 1134//66
f 945//66 1134//66 942//66
f 942//295 1134//295 1135//295
f 942//295 1135//295 941//295
f 941//68 1135//305 1136//69
f 941//68 1136//69 938//69
f 1136//70 1057//70 935//70
f 1136//70 935//70 938//70
f 1099//8 1098//8 1097//8
f 1097//8 1096//8 1095//8
f 1095//8 1094//8 1093//8
f 1093//8 1092//8 1091//8
f 1091//8 1090//8 1089//8
f 1089//8 1088//8 1087//8
f 1087//8 1086//8 1085//8
f 1085//8 1084//8 1083//8
f 1083//8 1082//8 1081//8
f 1081//8 1080//8 1079//8
f 1079//8 1078//8 1077//8
f 1077//8 1076//8 1075//8
f 1075//8 1074//8 1073//8
f 1073//8 1072//8 1071//8
f 1071//8 1070//8 1069//8
f 1069//8 1068//8 1067//8
f 1067//8 1066//8 1065//8
f 1065//8 1064//8 1063//8
f 1063//8 1062//8 1061//8
f 1061//8 1060//8 1059//8
f 1059//8 1058//8 1057//8
f 1057//8 1136//8 1135//8
f 1135//8 1134//8 1133//8
f 1133//8 1132//8 1131//8
f 1131//8 1130//8 1129//8
f 1129//8 1128//8 1127//8
f 1127//8 1126//8 1125//8
f 1125//8 1124//8 1123//8
f 1123//8 1122//8 1121//8
f 1121//8 1120//8 1119//8
f 1119//8 1118//8 1117//8
f 1117//8 1116//8 1115//8
f 1115//8 1114//8 1113//8
f 1113//8 1112//8 1111//8
f 1111//8 1110//8 1109//8
f 1109//8 1108//8 1107//8
f 1107//8 1106//8 1105//8
f 1105//8 1104//8 1103//8
f 1103//8 1102//8 1101//8
f 1101//8 1100//8 1099//8
f 1099//8 1097//8 1095//8
f 1095//8 1093//8 1091//8
f 1091//8 1089//8 1087//8
f 1087//8 1085//8 1083//8
f 1083//8 1081//8 1079//8
f 1079//8 1077//8 1075//8
f 1075//8 1073//8 1071//8
f 1071//8 1069//8 1067//8
f 1067//8 1065//8 1063//8
f 1063//8 1061//8 1059//8
f 1059//8 1057//8 1135//8
f 1135//8 1133//8 1131//8
f 1131//8 1129//8 1127//8
f 1127//8 1125//8 1123//8
f 1123//8 1121//8 1119//8
f 1119//8 1117//8 1115//8
f 1115//8 1113//8 1111//8
f 1111//8 1109//8 1107//8
f 1107//8 1105//8 1103//8
f 1103//8 1101//8 1099//8
f 1099//8 1095//8 1091//8
f 1091//8 1087//8 1083//8
f 1083//8 1079//8 1075//8
f 1075//8 1071//8 1067//8
f 1067//8 1063//8 1059//8
f 1059//8 1135//8 1131//8
f 1131//8 1127//8 1123//8
f 1123//8 1119//8 1115//8
f 1115//8 1111//8 1107//8
f 1107//8 1103//8 1099//8
f 1099//8 1091//8 1083//8
f 1083//8 1075//8 1067//8
f 1067//8 1059//8 1131//8
f 1131//8 1123//8 1115//8
f 1115//8 1107//8 1099//8
f 1099//8 1083//8 1067//8
f 1067//8 1131//8 1115//8
f 1067//8 1115//8 1099//8
f 1137//274 1138//257 655//257
f 1137//274 655//257 813//257
f 1139//255 1137//256 813//255
f 1139//255 813//255 811//255
f 1140//248 1139//248 811//248
f 1140//248 811//248 809//249
f 1141//247 1140//247 809//247
f 1141//247 809//247 807//247
f 1142//246 1141//246 807//245
f 1142//246 807//245 805//245
f 1143//244 1142//244 805//244
f 1143//244 805//244 803//244
f 1144//243 1143//243 803//243
f 1144//243 803//243 801//243
f 1145//306 1144//306 801//242
f 1145//306 801//242 799//307
f 1146//240 1145//240 799//240
f 1146//240 799//240 797//240
f 1147//239 1146//239 797//239
f 1147//239 797//239 795//239
f 1148//238 1147//308 795//238
f 1148//238 795//238 793//238
f 1149//237 1148//309 793//310
f 1149//237 793//310 791//310
f 1150//271 1149//311 791//312
f 1150//271 791//312 789//312
f 1151//313 1150//270 789//314
f 1151//313 789//314 787//315
f 1152//234 1151//316 787//234
f 1152//234 787//234 785//234
f 1153//233 1152//233 785//317
f 1153//233 785//317 783//317
f 1154//232 1153//232 783//232
f 1154//232 783//232 781//232
f 1155//318 1154//318 781//319
f 1155//318 781//319 779//230
f 1156//269 1155//320 779//229
f 1156//269 779//229 777//229
f 1157//226 1156//226 777//227
f 1157//226 777//227 775//227
f 1158//224 1157//224 775//225
f 1158//224 775//225 773//225
f 1159//223 1158//223 773//267
f 1159//223 773//267 771//321
f 1160//322 1159//322 771//323
f 1160//322 771//323 769//323
f 1161//220 1160//220 769//220
f 1161//220 769//220 767//220
f 1162//324 1161//324 767//218
f 1162//324 767//218 765//218
f 1163//217 1162//217 765//217
f 1163//217 765//217 763//325
f 1164//326 1163//216 763//327
f 1164//326 763//327 761//327
f 1165//328 1164//328 761//265
f 1165//328 761//265 759//329
f 1166//330 1165//330 759//214
f 1166//330 759//214 757//331
f 1167//213 1166//213 757//213
f 1167//213 757//213 755//332
f 1168//212 1167//212 755//212
f 1168//212 755//212 753//212
f 1169//211 1168//211 753//211
f 1169//211 753//211 751//211
f 1170//210 1169//209 751//333
f 1170//210 751//333 749//333
f 1171//208 1170//208 749//208
f 1171//208 749//208 747//208
f 1172//207 1171//207 747//207
f 1172//207 747//207 745//207
f 1173//205 1172//205 745//206
f 1173//205 745//206 743//206
f 1174//204 1173//204 743//204
f 1174//204 743//204 741//204
f 1175//202 1174//203 741//202
f 1175//202 741//202 739//202
f 1176//200 1175//200 739//200
f 1176//200 739//200 738//201
f 654//199 1177//199 1176//264
f 654//199 1176//264 738//199
f 653//197 1178//197 1177//197
f 653//197 1177//197 654//197
f 1179//195 1178//195 653//195
f 1179//195 653//195 658//196
f 1180//193 1179//193 658//193
f 1180//193 658//193 659//194
f 1181//192 1180//192 659//192
f 1181//192 659//192 662//192
f 1182//191 1181//263 662//191
f 1182//191 662//191 663//191
f 1183//190 1182//190 663//190
f 1183//190 663//190 666//190
f 1184//189 1183//189 666//189
f 1184//189 666//189 667//189
f 1185//188 1184//187 667//187
f 1185//188 667//187 670//188
f 1186//186 1185//186 670//186
f 1186//186 670//186 671//186
f 1187//185 1186//185 671//185
f 1187//185 671//185 674//185
f 1188//184 1187//334 674//184
f 1188//184 674//184 675//184
f 1189//183 1188//183 675//183
f 1189//183 675//183 678//183
f 1190//181 1189//181 678//335
f 1190//181 678//335 679//335
f 1191//180 1190//180 679//336
f 1191//180 679//336 682//336
f 1192//178 1191//178 682//178
f 1192//178 682//178 685//178
f 1193//337 1192//337 685//177
f 1193//337 685//177 686//177
f 1194//262 1193//176 686//262
f 1194//262 686//262 689//176
f 1195//175 1194//175 689//338
f 1195//175 689//338 690//338
f 1196//173 1195//339 690//339
f 1196//173 690//339 693//172
f 1197//170 1196//170 693//171
f 1197//170 693//171 692//171
f 1198//168 1197//168 692//169
f 1198//168 692//169 691//169
f 1199//340 1198//167 691//165
f 1199//340 691//165 688//340
f 1200//341 1199//341 688//164
f 1200//341 688//164 687//164
f 1201//259 1200//163 687//259
f 1201//259 687//259 684//163
f 1202//162 1201//162 684//342
f 1202//162 684//342 683//342
f 1203//161 1202//161 683//161
f 1203//161 683//161 681//161
f 1204//160 1203//343 681//344
f 1204//160 681//344 680//344
f 1205//345 1204//345 680//159
f 1205//345 680//159 677//159
f 1206//157 1205//157 677//157
f 1206//157 677//157 676//157
f 1207//156 1206//156 676//156
f 1207//156 676//156 673//346
f 1208//155 1207//155 673//155
f 1208//155 673//155 672//155
f 1209//154 1208//154 672//154
f 1209//154 672//154 669//154
f 1210//153 1209//152 669//152
f 1210//153 669//152 668//153
f 1211//151 1210//151 668//151
f 1211//151 668//151 665//151
f 1212//150 1211//150 665//150
f 1212//150 665//150 664//150
f 1213//149 1212//149 664//149
f 1213//149 664//149 661//258
f 1214//148 1213//148 661//148
f 1214//148 661//148 660//148
f 1215//146 1214//147 660//146
f 1215//146 660//146 657//146
f 1215//6 1216//6 1138//6
f 1138//6 1137//6 1139//6
f 1139//6 1140//6 1141//6
f 1141//6 1142//6 1143//6
f 1143//6 1144//6 1145//6
f 1145//6 1146//347 1147//6
f 1147//6 1148//6 1149//6
f 1149//6 1150//348 1151//6
f 1151//6 1152//349 1153//275
f 1153//275 1154//350 1155//6
f 1155//6 1156//351 1157//6
f 1157//6 1158//6 1159//6
f 1159//6 1160//352 1161//350
f 1161//350 1162//353 1163//6
f 1163//6 1164//348 1165//6
f 1165//6 1166//6 1167//6
f 1167//6 1168//275 1169//6
f 1169//6 1170//6 1171//6
f 1171//6 1172//6 1173//6
f 1173//6 1174//6 1175//6
f 1175//6 1176//6 1177//6
f 1177//6 1178//6 1179//6
f 1179//6 1180//6 1181//6
f 1181//6 1182//6 1183//6
f 1183//6 1184//6 1185//6
f 1185//6 1186//354 1187//6
f 1187//6 1188//6 1189//6
f 1189//6 1190//351 1191//6
f 1191//6 1192//355 1193//275
f 1193//275 1194//348 1195//6
f 1195//6 1196//348 1197//6
f 1197//6 1198//6 1199//6
f 1199//6 1200//356 1201//350
f 1201//350 1202//351 1203//6
f 1203//6 1204//351 1205//6
f 1205//6 1206//6 1207//6
f 1207//6 1208//350 1209//6
f 1209//6 1210//6 1211//6
f 1211//6 1212//6 1213//6
f 1213//6 1214//6 1215//6
f 1215//6 1138//6 1139//6
f 1139//6 1141//6 1143//6
f 1143//6 1145//6 1147//6
f 1147//6 1149//6 1151//6
f 1151//6 1153//275 1155//6
f 1155//6 1157//6 1159//6
f 1159//6 1161//350 1163//6
f 1163//6 1165//6 1167//6
f 1167//6 1169//6 1171//6
f 1171//6 1173//6 1175//6
f 1175//6 1177//6 1179//6
f 1179//6 1181//6 1183//6
f 1183//6 1185//6 1187//6
f 1187//6 1189//6 1191//6
f 1191//6 1193//275 1195//6
f 1195//6 1197//6 1199//6
f 1199//6 1201//350 1203//6
f 1203//6 1205//6 1207//6
f 1207//6 1209//6 1211//6
f 1211//6 1213//6 1215//6
f 1215//6 1139//6 1143//6
f 1143//6 1147//6 1151//6
f 1151//6 1155//6 1159//6
f 1159//6 1163//6 1167//6
f 1167//6 1171//6 1175//6
f 1175//6 1179//6 1183//6
f 1183//6 1187//6 1191//6
f 1191//6 1195//6 1199//6
f 1199//6 1203//6 1207//6
f 1207//6 1211//6 1215//6
f 1215//6 1143//6 1151//6
f 1151//6 1159//6 1167//6
f 1167//6 1175//6 1183//6
f 1183//6 1191//6 1199//6
f 1199//6 1207//6 1215//6
f 1215//6 1151//6 1167//6
f 1167//6 1183//6 1199//6
f 1167//6 1199//6 1215//6
f 1216//144 1215//145 657//144
f 1216//144 657//144 656//144
f 1138//143 1216//143 656//143
f 1138//143 656//143 655//143
f 1217//257 1218//257 695//257
f 1217//257 695//257 694//257
f 1219//255 1217//255 694//255
f 1219//255 694//255 701//357
f 1220//248 1219//248 701//248
f 1220//248 701//248 702//249
f 1221//247 1220//247 702//247
f 1221//247 702//247 705//247
f 1222//245 1221//246 705//245
f 1222//245 705//245 706//246
f 1223//244 1222//244 706//244
f 1223//244 706//244 709//244
f 1224//243 1223//243 709//243
f 1224//243 709//243 710//243
f 1225//241 1224//242 710//242
f 1225//241 710//242 713//241
f 1226//240 1225//240 713//240
f 1226//240 713//240 714//240
f 1227//239 1226//239 714//239
f 1227//239 714//239 717//239
f 1228//308 1227//358 717//238
f 1228//308 717//238 718//238
f 1229//237 1228//237 718//237
f 1229//237 718//237 721//237
f 1230//236 1229//236 721//236
f 1230//236 721//236 722//236
f 1231//235 1230//235 722//235
f 1231//235 722//235 725//235
f 1232//316 1231//316 725//234
f 1232//316 725//234 728//234
f 1233//233 1232//317 728//359
f 1233//233 728//359 729//233
f 1234//231 1233//232 729//231
f 1234//231 729//231 732//232
f 1235//230 1234//230 732//318
f 1235//230 732//318 733//318
f 1236//228 1235//229 733//360
f 1236//228 733//360 736//229
f 1237//227 1236//227 736//226
f 1237//227 736//226 735//226
f 1238//225 1237//225 735//224
f 1238//225 735//224 734//224
f 1239//361 1238//223 734//222
f 1239//361 734//222 731//223
f 1240//323 1239//323 731//221
f 1240//323 731//221 730//221
f 1241//219 1240//220 730//219
f 1241//219 730//219 727//220
f 1242//362 1241//218 727//218
f 1242//362 727//218 726//324
f 1243//217 1242//217 726//325
f 1243//217 726//325 724//325
f 1244//216 1243//216 724//216
f 1244//216 724//216 723//216
f 1245//215 1244//215 723//215
f 1245//215 723//215 720//215
f 1246//214 1245//214 720//214
f 1246//214 720//214 719//214
f 1247//213 1246//213 719//332
f 1247//213 719//332 716//363
f 1248//212 1247//212 716//212
f 1248//212 716//212 715//212
f 1249//211 1248//211 715//211
f 1249//211 715//211 712//211
f 1250//209 1249//210 712//210
f 1250//209 712//210 711//209
f 1251//208 1250//208 711//208
f 1251//208 711//208 708//208
f 1252//207 1251//207 708//207
f 1252//207 708//207 707//207
f 1253//205 1252//206 707//205
f 1253//205 707//205 704//206
f 1254//204 1253//204 704//204
f 1254//204 704//204 703//204
f 1255//202 1254//203 703//202
f 1255//202 703//202 700//202
f 1256//200 1255//364 700//200
f 1256//200 700//200 699//200
f 698//199 1257//199 1256//199
f 698//199 1256//199 699//199
f 737//198 1258//197 1257//197
f 737//198 1257//197 698//197
f 1259//195 1258//365 737//195
f 1259//195 737//195 740//195
f 1260//193 1259//193 740//193
f 1260//193 740//193 742//194
f 1261//192 1260//192 742//192
f 1261//192 742//192 744//192
f 1262//263 1261//263 744//191
f 1262//263 744//191 746//191
f 1263//190 1262//190 746//190
f 1263//190 746//190 748//190
f 1264//189 1263//189 748//189
f 1264//189 748//189 750//189
f 1265//187 1264//187 750//187
f 1265//187 750//187 752//366
f 1266//186 1265//186 752//186
f 1266//186 752//186 754//186
f 1267//185 1266//185 754//185
f 1267//185 754//185 756//185
f 1268//184 1267//184 756//184
f 1268//184 756//184 758//184
f 1269//183 1268//183 758//183
f 1269//183 758//183 760//183
f 1270//181 1269//181 760//182
f 1270//181 760//182 762//182
f 1271//180 1270//179 762//336
f 1271//180 762//336 764//367
f 1272//178 1271//178 764//178
f 1272//178 764//178 766//178
f 1273//368 1272//177 766//177
f 1273//368 766//177 768//337
f 1274//176 1273//262 768//176
f 1274//176 768//176 770//176
f 1275//338 1274//338 770//369
f 1275//338 770//369 772//175
f 1276//174 1275//370 772//172
f 1276//174 772//172 774//172
f 1277//171 1276//171 774//170
f 1277//171 774//170 776//170
f 1278//169 1277//169 776//168
f 1278//169 776//168 778//168
f 1279//167 1278//167 778//166
f 1279//167 778//166 780//371
f 1280//372 1279//372 780//341
f 1280//372 780//341 782//341
f 1281//163 1280//163 782//163
f 1281//163 782//163 784//259
f 1282//162 1281//342 784//373
f 1282//162 784//373 786//162
f 1283//161 1282//161 786//161
f 1283//161 786//161 788//161
f 1284//374 1283//160 788//160
f 1284//374 788//160 790//160
f 1285//158 1284//158 790//159
f 1285//158 790//159 792//159
f 1286//157 1285//157 792//157
f 1286//157 792//157 794//157
f 1287//156 1286//156 794//156
f 1287//156 794//156 796//156
f 1288//155 1287//155 796//155
f 1288//155 796//155 798//155
f 1289//154 1288//154 798//154
f 1289//154 798//154 800//154
f 1290//152 1289//153 800//152
f 1290//152 800//152 802//152
f 1291//151 1290//151 802//151
f 1291//151 802//151 804//151
f 1292//150 1291//150 804//150
f 1292//150 804//150 806//150
f 1293//149 1292//149 806//258
f 1293//149 806//258 808//258
f 1294//148 1293//148 808//148
f 1294//148 808//148 810//148
f 1295//146 1294//147 810//146
f 1295//146 810//146 812//146
f 1296//6 1218//6 1217//6
f 1217//6 1219//6 1220//6
f 1220//6 1221//6 1222//6
f 1222//6 1223//350 1224//6
f 1224//6 1225//275 1226//275
f 1226//275 1227//351 1228//6
f 1228//6 1229//6 1230//350
f 1230//350 1231//354 1232//6
f 1232//6 1233//6 1234//6
f 1234//6 1235//375 1236//6
f 1236//6 1237//6 1238//6
f 1238//6 1239//375 1240//6
f 1240//6 1241//354 1242//275
f 1242//275 1243//354 1244//6
f 1244//6 1245//6 1246//6
f 1246//6 1247//351 1248//6
f 1248//6 1249//275 1250//6
f 1250//6 1251//350 1252//6
f 1252//6 1253//275 1254//6
f 1254//6 1255//6 1256//6
f 1256//6 1257//6 1258//6
f 1258//6 1259//6 1260//6
f 1260//6 1261//6 1262//6
f 1262//6 1263//275 1264//6
f 1264//6 1265//350 1266//350
f 1266//350 1267//348 1268//6
f 1268//6 1269//6 1270//275
f 1270//275 1271//347 1272//6
f 1272//6 1273//347 1274//6
f 1274//6 1275//353 1276//6
f 1276//6 1277//6 1278//6
f 1278//6 1279//353 1280//6
f 1280//6 1281//6 1282//275
f 1282//275 1283//347 1284//6
f 1284//6 1285//6 1286//6
f 1286//6 1287//348 1288//6
f 1288//6 1289//350 1290//6
f 1290//6 1291//275 1292//6
f 1292//6 1293//350 1294//6
f 1294//6 1295//6 1296//6
f 1296//6 1217//6 1220//6
f 1220//6 1222//6 1224//6
f 1224//6 1226//275 1228//6
f 1228//6 1230//350 1232//6
f 1232//6 1234//6 1236//6
f 1236//6 1238//6 1240//6
f 1240//6 1242//275 1244//6
f 1244//6 1246//6 1248//6
f 1248//6 1250//6 1252//6
f 1252//6 1254//6 1256//6
f 1256//6 1258//6 1260//6
f 1260//6 1262//6 1264//6
f 1264//6 1266//350 1268//6
f 1268//6 1270//275 1272//6
f 1272//6 1274//6 1276//6
f 1276//6 1278//6 1280//6
f 1280//6 1282//275 1284//6
f 1284//6 1286//6 1288//6
f 1288//6 1290//6 1292//6
f 1292//6 1294//6 1296//6
f 1296//6 1220//6 1224//6
f 1224//6 1228//6 1232//6
f 1232//6 1236//6 1240//6
f 1240//6 1244//6 1248//6
f 1248//6 1252//6 1256//6
f 1256//6 1260//6 1264//6
f 1264//6 1268//6 1272//6
f 1272//6 1276//6 1280//6
f 1280//6 1284//6 1288//6
f 1288//6 1292//6 1296//6
f 1296//6 1224//6 1232//6
f 1232//6 1240//6 1248//6
f 1248//6 1256//6 1264//6
f 1264//6 1272//6 1280//6
f 1280//6 1288//6 1296//6
f 1296//6 1232//6 1248//6
f 1248//6 1264//6 1280//6
f 1248//6 1280//6 1296//6
f 1296//144 1295//144 812//144
f 1296//144 812//144 814//376
f 1218//143 1296//143 814//142
f 1218//143 814//142 695//143
